n_trial,elapsed_time,loss,planner,avg_runs,t_avg_run_time,t_avg_plan_time,t_avg_dist,t_avg_path_length,t_avg_success,params
1,14.442832,0.438197851,RRTConnectkConfigDefault,1,3.690747976,0.438197851,1.703000251,6.586306731,1,"{'range': '5.0', 'type': 'geometric::RRTConnect'}"
2,33.7337885,1.023581028,RRTConnectkConfigDefault,1,3.221338034,1.023581028,1.702887535,7.629324418,1,"{'range': '12.212434223827179', 'type': 'geometric::RRTConnect'}"
3,53.024745,0.332479954,RRTConnectkConfigDefault,1,6.445364952,0.332479954,1.70275061,12.58139497,1,"{'range': '10.6595086046838', 'type': 'geometric::RRTConnect'}"
4,69.40596767,0.540145159,RRTConnectkConfigDefault,1,3.409909964,0.540145159,1.702825088,8.245019793,1,"{'range': '12.291900826741603', 'type': 'geometric::RRTConnect'}"
5,85.78719033,0.481486082,RRTConnectkConfigDefault,1,4.130712986,0.481486082,1.702733583,8.965828153,1,"{'range': '5.919970301124567', 'type': 'geometric::RRTConnect'}"
6,102.168413,0.225639105,RRTConnectkConfigDefault,1,3.520215034,0.225639105,1.702871618,7.847130258,1,"{'range': '9.661442626202922', 'type': 'geometric::RRTConnect'}"
7,118.1125693,0.249686003,RRTConnectkConfigDefault,1,2.165902853,0.249686003,1.70299453,6.712409225,1,"{'range': '11.193710884769931', 'type': 'geometric::RRTConnect'}"
8,134.0567255,0.346935034,RRTConnectkConfigDefault,1,3.915128946,0.346935034,1.703010923,8.704194123,1,"{'range': '6.628864015390128', 'type': 'geometric::RRTConnect'}"
9,150.0008818,3,RRTConnectkConfigDefault,1,0.006107092,0.795207977,0,0,0,"{'range': '7.100557913494605', 'type': 'geometric::RRTConnect'}"
10,165.9450381,0.63820982,RRTConnectkConfigDefault,1,2.8577981,0.63820982,1.702769415,7.726090676,1,"{'range': '14.286076608378616', 'type': 'geometric::RRTConnect'}"
11,181.8891944,0.400410891,RRTConnectkConfigDefault,1,2.832364082,0.400410891,1.702819019,6.820538801,1,"{'range': '5.8286544079176', 'type': 'geometric::RRTConnect'}"
12,197.8333506,0.335318089,RRTConnectkConfigDefault,1,4.510226965,0.335318089,1.702953419,7.643011206,1,"{'range': '10.219159350653742', 'type': 'geometric::RRTConnect'}"
13,213.7775069,0.786254883,RRTConnectkConfigDefault,1,2.494916916,0.786254883,1.702796015,7.323417699,1,"{'range': '2.6431573562361317', 'type': 'geometric::RRTConnect'}"
14,229.7216632,0.447633982,RRTConnectkConfigDefault,1,3.35913682,0.447633982,1.702926018,7.303991296,1,"{'range': '5.1236704556704264', 'type': 'geometric::RRTConnect'}"
15,245.6658195,3,RRTConnectkConfigDefault,1,0.081146002,0.086159945,0.000236425,0.000241137,0,"{'range': '9.140893664846564', 'type': 'geometric::RRTConnect'}"
16,261.6099757,0.387957096,RRTConnectkConfigDefault,1,3.92401886,0.387957096,1.702827606,7.096715212,1,"{'range': '10.538047473699493', 'type': 'geometric::RRTConnect'}"
17,277.554132,0.34474206,RRTConnectkConfigDefault,1,3.238734007,0.34474206,1.702867871,7.250567091,1,"{'range': '13.869209973061018', 'type': 'geometric::RRTConnect'}"
18,293.4982883,0.363020182,RRTConnectkConfigDefault,1,3.718835115,0.363020182,1.702868644,6.867710148,1,"{'range': '12.384415519336631', 'type': 'geometric::RRTConnect'}"
19,309.4424445,3,RRTConnectkConfigDefault,1,0.078581095,0.060575008,0.000251413,0.000257569,0,"{'range': '10.986016103729002', 'type': 'geometric::RRTConnect'}"
20,325.3866008,3,RRTConnectkConfigDefault,1,0.004299164,1.723317862,0,0,0,"{'range': '11.247350010151045', 'type': 'geometric::RRTConnect'}"
21,341.3307571,0.31529212,RRTConnectkConfigDefault,1,3.806159973,0.31529212,1.702753651,7.580639604,1,"{'range': '11.250821393145236', 'type': 'geometric::RRTConnect'}"
22,357.2749134,0.675920963,RRTConnectkConfigDefault,1,4.167907953,0.675920963,1.702882403,7.310909784,1,"{'range': '6.102036946284061', 'type': 'geometric::RRTConnect'}"
23,373.2190696,1.051414013,RRTConnectkConfigDefault,1,4.325378895,1.051414013,1.703092449,7.025159421,1,"{'range': '8.881102472119833', 'type': 'geometric::RRTConnect'}"
24,389.1632259,0.23182106,RRTConnectkConfigDefault,1,3.014794111,0.23182106,1.702918106,8.911663552,1,"{'range': '12.074528500486299', 'type': 'geometric::RRTConnect'}"
25,405.1073822,0.333068132,RRTConnectkConfigDefault,1,2.301064014,0.333068132,1.70303848,6.633096786,1,"{'range': '11.46762571671515', 'type': 'geometric::RRTConnect'}"
26,421.0515385,0.599237919,RRTConnectkConfigDefault,1,3.633936882,0.599237919,1.703160722,6.766898121,1,"{'range': '6.275505934703688', 'type': 'geometric::RRTConnect'}"
27,436.9956947,0.302899837,RRTConnectkConfigDefault,1,3.663798809,0.302899837,1.703004812,6.820053812,1,"{'range': '6.382422867031302', 'type': 'geometric::RRTConnect'}"
28,452.939851,0.198743105,RRTConnectkConfigDefault,1,4.938720942,0.198743105,1.702788052,8.918974355,1,"{'range': '9.021786539692133', 'type': 'geometric::RRTConnect'}"
29,466.7169368,0.570612907,RRTConnectkConfigDefault,1,2.119436979,0.570612907,1.702959243,6.970525309,1,"{'range': '6.971070563387356', 'type': 'geometric::RRTConnect'}"
30,480.4940226,3,RRTConnectkConfigDefault,1,0.084524155,0.061888933,0.000319621,0.000326937,0,"{'range': '11.460333401809669', 'type': 'geometric::RRTConnect'}"
31,494.2711084,0.410427094,RRTConnectkConfigDefault,1,4.459617138,0.410427094,1.703091332,8.932537862,1,"{'range': '11.7162231404346', 'type': 'geometric::RRTConnect'}"
32,508.0481942,0.377496004,RRTConnectkConfigDefault,1,2.076299906,0.377496004,1.702905402,6.995600811,1,"{'range': '11.490142367610952', 'type': 'geometric::RRTConnect'}"
33,521.82528,0.190768003,RRTConnectkConfigDefault,1,3.830855846,0.190768003,1.702743488,8.203622573,1,"{'range': '9.88451666198721', 'type': 'geometric::RRTConnect'}"
34,537.2646769,0.304237127,RRTConnectkConfigDefault,1,2.097172976,0.304237127,1.702603488,7.747956983,1,"{'range': '7.680078169940163', 'type': 'geometric::RRTConnect'}"
35,552.7040737,0.27383709,RRTConnectkConfigDefault,1,3.779022932,0.27383709,1.703144321,8.648116944,1,"{'range': '10.484501051344413', 'type': 'geometric::RRTConnect'}"
36,568.1434706,3,RRTConnectkConfigDefault,1,0.065849066,0.087208986,0.000172469,0.000177147,0,"{'range': '4.4201282350750635', 'type': 'geometric::RRTConnect'}"
37,583.5828675,0.889852047,RRTConnectkConfigDefault,1,3.667032957,0.889852047,1.702743835,8.778868458,1,"{'range': '10.932176746195289', 'type': 'geometric::RRTConnect'}"
38,599.0222643,0.205828905,RRTConnectkConfigDefault,1,2.188126087,0.205828905,1.702903117,7.345500431,1,"{'range': '9.73752554961326', 'type': 'geometric::RRTConnect'}"
39,614.4616612,0.326784849,RRTConnectkConfigDefault,1,3.122206926,0.326784849,1.702934262,8.654487739,1,"{'range': '9.064880930608016', 'type': 'geometric::RRTConnect'}"
40,629.9010581,0.647262096,RRTConnectkConfigDefault,1,3.234363794,0.647262096,1.702838306,8.391316798,1,"{'range': '9.683516588216838', 'type': 'geometric::RRTConnect'}"
41,645.3404549,0.226416111,RRTConnectkConfigDefault,1,3.39397788,0.226416111,1.703013801,8.762112035,1,"{'range': '9.596914694632787', 'type': 'geometric::RRTConnect'}"
42,660.7798518,0.301022053,RRTConnectkConfigDefault,1,4.99106288,0.301022053,1.703113407,8.036916499,1,"{'range': '7.243539378766536', 'type': 'geometric::RRTConnect'}"
43,676.2192487,0.213186979,RRTConnectkConfigDefault,1,2.612692118,0.213186979,1.702782117,6.765447172,1,"{'range': '6.555795753785589', 'type': 'geometric::RRTConnect'}"
44,691.6586456,0.600419998,RRTConnectkConfigDefault,1,3.439007044,0.600419998,1.702758499,7.860280998,1,"{'range': '4.6094144743003564', 'type': 'geometric::RRTConnect'}"
45,707.0980424,0.875375986,RRTConnectkConfigDefault,1,3.228148937,0.875375986,1.702987376,8.003057535,1,"{'range': '8.555749278000592', 'type': 'geometric::RRTConnect'}"
46,722.5374393,0.533516169,RRTConnectkConfigDefault,1,3.041986942,0.533516169,1.702957192,7.396173563,1,"{'range': '0.8694472436935798', 'type': 'geometric::RRTConnect'}"
47,737.9768362,0.390964031,RRTConnectkConfigDefault,1,3.021905184,0.390964031,1.70298195,7.147237299,1,"{'range': '12.846742446344848', 'type': 'geometric::RRTConnect'}"
48,753.416233,0.288067818,RRTConnectkConfigDefault,1,3.136940956,0.288067818,1.702804321,6.5032586,1,"{'range': '11.466953715028364', 'type': 'geometric::RRTConnect'}"
49,768.8556299,0.329451084,RRTConnectkConfigDefault,1,4.365623951,0.329451084,1.702758802,8.237909671,1,"{'range': '6.9476898627024255', 'type': 'geometric::RRTConnect'}"
50,784.2950268,0.319447994,RRTConnectkConfigDefault,1,2.73387599,0.319447994,1.702836813,7.755731497,1,"{'range': '9.427905855896686', 'type': 'geometric::RRTConnect'}"
51,799.7344236,0.411436081,RRTConnectkConfigDefault,1,3.151391029,0.411436081,1.70261261,8.560409278,1,"{'range': '1.7455192490240299', 'type': 'geometric::RRTConnect'}"
52,815.1738205,0.256592989,RRTConnectkConfigDefault,1,2.538023949,0.256592989,1.702995706,9.01567793,1,"{'range': '9.707597074095355', 'type': 'geometric::RRTConnect'}"
53,830.6132174,0.926083088,RRTConnectkConfigDefault,1,3.331834078,0.926083088,1.702990634,7.447712985,1,"{'range': '9.709271582573468', 'type': 'geometric::RRTConnect'}"
54,846.0526142,0.579992056,RRTConnectkConfigDefault,1,5.070269108,0.579992056,1.702676557,9.851535587,1,"{'range': '8.510419807100725', 'type': 'geometric::RRTConnect'}"
55,861.4920111,0.349715948,RRTConnectkConfigDefault,1,1.808209896,0.349715948,1.702885439,6.824430282,1,"{'range': '10.774627661473565', 'type': 'geometric::RRTConnect'}"
56,876.931408,0.524269104,RRTConnectkConfigDefault,1,2.834392786,0.524269104,1.70293133,8.045984258,1,"{'range': '10.799760654419156', 'type': 'geometric::RRTConnect'}"
57,892.3708048,0.214148998,RRTConnectkConfigDefault,1,2.589986086,0.214148998,1.703096066,7.311816549,1,"{'range': '10.798296720158588', 'type': 'geometric::RRTConnect'}"
58,907.8102017,0.220379829,RRTConnectkConfigDefault,1,3.121428967,0.220379829,1.702749306,7.045987077,1,"{'range': '11.464198368916435', 'type': 'geometric::RRTConnect'}"
59,923.2495986,0.227549076,RRTConnectkConfigDefault,1,4.045068026,0.227549076,1.702943048,9.114741794,1,"{'range': '13.029656537591137', 'type': 'geometric::RRTConnect'}"
60,938.6889954,0.344685078,RRTConnectkConfigDefault,1,4.148896933,0.344685078,1.702761953,9.275934824,1,"{'range': '6.004945923683737', 'type': 'geometric::RRTConnect'}"
61,954.1283923,0.299516916,RRTConnectkConfigDefault,1,3.138827085,0.299516916,1.70275006,7.731788054,1,"{'range': '6.390471730725007', 'type': 'geometric::RRTConnect'}"
62,969.5677892,1.095344067,RRTConnectkConfigDefault,1,4.317075014,1.095344067,1.703120956,8.597996112,1,"{'range': '10.784209299838434', 'type': 'geometric::RRTConnect'}"
63,985.0071861,0.676073074,RRTConnectkConfigDefault,1,2.83141017,0.676073074,1.702816344,7.914649951,1,"{'range': '2.526922468897329', 'type': 'geometric::RRTConnect'}"
64,1000.446583,0.237520933,RRTConnectkConfigDefault,1,2.735414982,0.237520933,1.702940891,7.619004525,1,"{'range': '11.46339279635998', 'type': 'geometric::RRTConnect'}"
65,1015.88598,0.406002998,RRTConnectkConfigDefault,1,3.57681489,0.406002998,1.702617891,7.028185883,1,"{'range': '11.462945077640635', 'type': 'geometric::RRTConnect'}"
66,1031.325377,0.378402948,RRTConnectkConfigDefault,1,2.674525023,0.378402948,1.702870327,6.67697633,1,"{'range': '2.758061358281596', 'type': 'geometric::RRTConnect'}"
67,1046.764774,0.57958889,RRTConnectkConfigDefault,1,2.671310902,0.57958889,1.702979726,7.014210939,1,"{'range': '11.511380960105944', 'type': 'geometric::RRTConnect'}"
68,1062.20417,0.467447042,RRTConnectkConfigDefault,1,2.552575111,0.467447042,1.702779359,6.646715924,1,"{'range': '11.462210454067213', 'type': 'geometric::RRTConnect'}"
69,1077.643567,0.302978992,RRTConnectkConfigDefault,1,2.243450165,0.302978992,1.702942007,7.347279372,1,"{'range': '5.172856935983243', 'type': 'geometric::RRTConnect'}"
70,1093.082964,0.326279879,RRTConnectkConfigDefault,1,2.757377148,0.326279879,1.702929752,9.315161505,1,"{'range': '6.885395450053797', 'type': 'geometric::RRTConnect'}"
71,1108.522361,0.2359519,RRTConnectkConfigDefault,1,2.084528923,0.2359519,1.702777277,7.619605603,1,"{'range': '6.77312269038867', 'type': 'geometric::RRTConnect'}"
72,1123.961758,0.298254013,RRTConnectkConfigDefault,1,3.4620471,0.298254013,1.702776282,7.159602497,1,"{'range': '11.32392993069705', 'type': 'geometric::RRTConnect'}"
73,1139.401155,0.44630909,RRTConnectkConfigDefault,1,2.989367008,0.44630909,1.702645072,6.918798804,1,"{'range': '11.460790990316369', 'type': 'geometric::RRTConnect'}"
74,1154.840552,0.390279055,RRTConnectkConfigDefault,1,3.964144945,0.390279055,1.702991479,9.00576029,1,"{'range': '6.835663600321101', 'type': 'geometric::RRTConnect'}"
75,1170.279948,0.431995153,RRTConnectkConfigDefault,1,2.476081133,0.431995153,1.703097378,7.89452001,1,"{'range': '9.293628136858414', 'type': 'geometric::RRTConnect'}"
76,1185.719345,0.441723108,RRTConnectkConfigDefault,1,3.831925869,0.441723108,1.702912965,7.225560723,1,"{'range': '8.868040820441012', 'type': 'geometric::RRTConnect'}"
77,1201.158742,0.556512117,RRTConnectkConfigDefault,1,3.475683928,0.556512117,1.702986903,7.360751228,1,"{'range': '6.9826441977583364', 'type': 'geometric::RRTConnect'}"
78,1216.598139,0.246412992,RRTConnectkConfigDefault,1,3.566082001,0.246412992,1.702852009,8.737294238,1,"{'range': '5.387538783692058', 'type': 'geometric::RRTConnect'}"
79,1232.037536,0.462536097,RRTConnectkConfigDefault,1,4.396546125,0.462536097,1.702866209,8.704944539,1,"{'range': '10.77743939059707', 'type': 'geometric::RRTConnect'}"
80,1247.476933,1.483077049,RRTConnectkConfigDefault,1,5.659689903,1.483077049,1.702662989,10.13877389,1,"{'range': '1.0288013652665045', 'type': 'geometric::RRTConnect'}"
81,1262.91633,0.450433969,RRTConnectkConfigDefault,1,2.739093065,0.450433969,1.702833764,7.701782586,1,"{'range': '8.15377206165957', 'type': 'geometric::RRTConnect'}"
82,1278.355727,0.584630966,RRTConnectkConfigDefault,1,3.283979177,0.584630966,1.702794706,6.902767345,1,"{'range': '9.594279844478308', 'type': 'geometric::RRTConnect'}"
83,1293.795123,0.554651022,RRTConnectkConfigDefault,1,2.459309101,0.554651022,1.702894313,7.686403645,1,"{'range': '9.581370802349317', 'type': 'geometric::RRTConnect'}"
84,1309.23452,0.353492975,RRTConnectkConfigDefault,1,3.864385843,0.353492975,1.702929643,7.776590104,1,"{'range': '9.708103328787923', 'type': 'geometric::RRTConnect'}"
85,1324.673917,0.389424086,RRTConnectkConfigDefault,1,3.743602991,0.389424086,1.70276743,7.95548131,1,"{'range': '13.921660678584534', 'type': 'geometric::RRTConnect'}"
86,1340.113314,1.928897858,RRTConnectkConfigDefault,1,2.401729822,1.928897858,1.702835438,7.191249828,1,"{'range': '0.7731396125753249', 'type': 'geometric::RRTConnect'}"
87,1355.552711,0.22872901,RRTConnectkConfigDefault,1,3.841614008,0.22872901,1.703103889,8.535202612,1,"{'range': '9.697060917909713', 'type': 'geometric::RRTConnect'}"
88,1370.992108,0.320250034,RRTConnectkConfigDefault,1,3.518294096,0.320250034,1.7030622,7.28263093,1,"{'range': '3.233736437735103', 'type': 'geometric::RRTConnect'}"
89,1386.431505,0.243826866,RRTConnectkConfigDefault,1,3.466970921,0.243826866,1.702973878,8.166475341,1,"{'range': '5.01203496598169', 'type': 'geometric::RRTConnect'}"
90,1401.870902,0.39518404,RRTConnectkConfigDefault,1,3.811415195,0.39518404,1.703138877,8.135497883,1,"{'range': '1.6454001486985865', 'type': 'geometric::RRTConnect'}"
91,1417.310298,0.717069149,RRTConnectkConfigDefault,1,8.319499016,0.717069149,1.703051716,7.099616667,1,"{'range': '10.798346268548418', 'type': 'geometric::RRTConnect'}"
92,1432.749695,3,RRTConnectkConfigDefault,1,0.006956816,0.782898903,0,0,0,"{'range': '10.811286261725233', 'type': 'geometric::RRTConnect'}"
93,1448.189092,0.581684113,RRTConnectkConfigDefault,1,3.504339933,0.581684113,1.702879303,7.841173016,1,"{'range': '7.193740893021111', 'type': 'geometric::RRTConnect'}"
94,1463.628489,0.303618908,RRTConnectkConfigDefault,1,1.861003876,0.303618908,1.702831208,8.438877633,1,"{'range': '4.355257845358937', 'type': 'geometric::RRTConnect'}"
95,1479.067886,0.325566053,RRTConnectkConfigDefault,1,5.134238005,0.325566053,1.702932004,9.481789957,1,"{'range': '8.305260454036034', 'type': 'geometric::RRTConnect'}"
96,1494.507283,3.220291853,RRTConnectkConfigDefault,1,3.331885099,3.220291853,1.702989709,7.637492279,1,"{'range': '0.6332088114135666', 'type': 'geometric::RRTConnect'}"
97,1509.94668,0.632912874,RRTConnectkConfigDefault,1,3.378504992,0.632912874,1.702801419,7.67040498,1,"{'range': '11.324606372967708', 'type': 'geometric::RRTConnect'}"
98,1525.386076,0.212082863,RRTConnectkConfigDefault,1,3.160096884,0.212082863,1.703025382,7.599994026,1,"{'range': '10.594181009907459', 'type': 'geometric::RRTConnect'}"
99,1540.825473,0.205298185,RRTConnectkConfigDefault,1,1.993568182,0.205298185,1.702876421,7.545676883,1,"{'range': '12.292700308760747', 'type': 'geometric::RRTConnect'}"
100,1556.26487,0.364463091,RRTConnectkConfigDefault,1,2.474236012,0.364463091,1.703050303,7.268769845,1,"{'range': '3.186467131983464', 'type': 'geometric::RRTConnect'}"
101,1571.704267,0.461508989,RRTConnectkConfigDefault,1,3.269979954,0.461508989,1.702694934,7.740917725,1,"{'range': '4.54805346486384', 'type': 'geometric::RRTConnect'}"
102,1587.143664,0.298153162,RRTConnectkConfigDefault,1,2.143650055,0.298153162,1.703186184,8.217954596,1,"{'range': '11.251529745379525', 'type': 'geometric::RRTConnect'}"
103,1602.583061,3,RRTConnectkConfigDefault,1,0.005813122,1.177839041,0,0,0,"{'range': '0.7859654385706312', 'type': 'geometric::RRTConnect'}"
104,1618.022458,0.762753963,RRTConnectkConfigDefault,1,2.821791887,0.762753963,1.702912549,7.123647467,1,"{'range': '3.0775908255846067', 'type': 'geometric::RRTConnect'}"
105,1633.461855,0.212201834,RRTConnectkConfigDefault,1,3.479286909,0.212201834,1.702999667,8.203263694,1,"{'range': '12.93394919384322', 'type': 'geometric::RRTConnect'}"
106,1648.901251,0.200804949,RRTConnectkConfigDefault,1,3.995666027,0.200804949,1.702832285,8.063785666,1,"{'range': '10.802478592319927', 'type': 'geometric::RRTConnect'}"
107,1664.340648,1.601727009,RRTConnectkConfigDefault,1,3.660839081,1.601727009,1.702949051,8.483915734,1,"{'range': '0.6886179943619698', 'type': 'geometric::RRTConnect'}"
108,1679.780045,3,RRTConnectkConfigDefault,1,0.147887945,0.06641078,0.000410919,0.000417794,0,"{'range': '0.12603890998096026', 'type': 'geometric::RRTConnect'}"
109,1695.219442,0.175511122,RRTConnectkConfigDefault,1,2.986860037,0.175511122,1.702928475,6.722303505,1,"{'range': '9.06740721374293', 'type': 'geometric::RRTConnect'}"
110,1710.847961,0.459138155,RRTConnectkConfigDefault,1,3.734186888,0.459138155,1.702994518,8.709440668,1,"{'range': '6.820713377041967', 'type': 'geometric::RRTConnect'}"
111,1726.47648,0.35793519,RRTConnectkConfigDefault,1,4.270813942,0.35793519,1.702986764,8.868999832,1,"{'range': '13.506913771275372', 'type': 'geometric::RRTConnect'}"
112,1742.105,0.381556034,RRTConnectkConfigDefault,1,3.407142162,0.381556034,1.70298447,7.847397244,1,"{'range': '11.108195590683616', 'type': 'geometric::RRTConnect'}"
113,1757.733519,0.448891163,RRTConnectkConfigDefault,1,2.563288927,0.448891163,1.702984377,7.183010826,1,"{'range': '12.116333226673188', 'type': 'geometric::RRTConnect'}"
114,1773.362038,3,RRTConnectkConfigDefault,1,0.030874968,1.149339914,0,0,0,"{'range': '14.267135127005657', 'type': 'geometric::RRTConnect'}"
115,1788.990557,0.673670053,RRTConnectkConfigDefault,1,3.547586918,0.673670053,1.7030177,8.794957696,1,"{'range': '3.873952359486721', 'type': 'geometric::RRTConnect'}"
116,1804.619077,1.569690943,RRTConnectkConfigDefault,1,3.403379917,1.569690943,1.703059793,8.416229852,1,"{'range': '6.763785656455872', 'type': 'geometric::RRTConnect'}"
117,1820.247596,0.656701088,RRTConnectkConfigDefault,1,2.25583005,0.656701088,1.702982827,6.405270874,1,"{'range': '9.6601072779154', 'type': 'geometric::RRTConnect'}"
118,1835.876115,0.343821049,RRTConnectkConfigDefault,1,3.525509119,0.343821049,1.703005142,7.255548186,1,"{'range': '10.425853668353513', 'type': 'geometric::RRTConnect'}"
119,1851.504634,1.42042923,RRTConnectkConfigDefault,1,2.691880941,1.42042923,1.702788275,7.534430643,1,"{'range': '1.1274040263570966', 'type': 'geometric::RRTConnect'}"
120,1867.133154,0.562631845,RRTConnectkConfigDefault,1,2.429050922,0.562631845,1.70308466,6.630226767,1,"{'range': '13.113222377529395', 'type': 'geometric::RRTConnect'}"
121,1882.761673,0.321449041,RRTConnectkConfigDefault,1,3.859743118,0.321449041,1.702722549,6.961655732,1,"{'range': '4.209340646214606', 'type': 'geometric::RRTConnect'}"
122,1898.390192,0.219248056,RRTConnectkConfigDefault,1,3.403763056,0.219248056,1.702952202,6.884410779,1,"{'range': '9.932162253220497', 'type': 'geometric::RRTConnect'}"
123,1914.018711,0.282731056,RRTConnectkConfigDefault,1,3.532621145,0.282731056,1.703148758,7.538346504,1,"{'range': '11.46177175859969', 'type': 'geometric::RRTConnect'}"
124,1929.64723,0.241611958,RRTConnectkConfigDefault,1,2.882149935,0.241611958,1.703099109,9.027778823,1,"{'range': '14.011260348325193', 'type': 'geometric::RRTConnect'}"
125,1945.27575,0.39209795,RRTConnectkConfigDefault,1,3.844520092,0.39209795,1.702808162,8.592544632,1,"{'range': '10.807211840901278', 'type': 'geometric::RRTConnect'}"
126,1960.904269,0.689587116,RRTConnectkConfigDefault,1,2.381524801,0.689587116,1.702668762,6.795726487,1,"{'range': '11.25003181384966', 'type': 'geometric::RRTConnect'}"
127,1976.532788,0.477510929,RRTConnectkConfigDefault,1,3.583175898,0.477510929,1.702842354,7.886079657,1,"{'range': '5.961034340308293', 'type': 'geometric::RRTConnect'}"
128,1992.161307,1.010694981,RRTConnectkConfigDefault,1,2.579843998,1.010694981,1.702892821,7.211931609,1,"{'range': '10.780470548084159', 'type': 'geometric::RRTConnect'}"
129,2007.789827,0.376944065,RRTConnectkConfigDefault,1,2.098213196,0.376944065,1.702761488,7.130520649,1,"{'range': '14.015525701272452', 'type': 'geometric::RRTConnect'}"
130,2023.418346,0.491317987,RRTConnectkConfigDefault,1,2.624343157,0.491317987,1.702961736,7.929382392,1,"{'range': '11.361264963397472', 'type': 'geometric::RRTConnect'}"
131,2039.046865,3,RRTConnectkConfigDefault,1,0.072794914,0.080648899,0.000390694,0.000396677,0,"{'range': '8.799577000796788', 'type': 'geometric::RRTConnect'}"
132,2054.675384,0.828171968,RRTConnectkConfigDefault,1,4.556195974,0.828171968,1.702856707,8.638735745,1,"{'range': '2.1152277722313104', 'type': 'geometric::RRTConnect'}"
133,2070.303903,0.5316329,RRTConnectkConfigDefault,1,2.604427099,0.5316329,1.702935834,6.713440212,1,"{'range': '9.034696821715361', 'type': 'geometric::RRTConnect'}"
134,2085.932423,0.335458994,RRTConnectkConfigDefault,1,3.033934116,0.335458994,1.702616815,7.316263108,1,"{'range': '10.808408363924363', 'type': 'geometric::RRTConnect'}"
135,2101.560942,1.588558912,RRTConnectkConfigDefault,1,2.240906954,1.588558912,1.702823361,7.268379947,1,"{'range': '6.7109047875959575', 'type': 'geometric::RRTConnect'}"
136,2117.189461,0.457317114,RRTConnectkConfigDefault,1,3.255487919,0.457317114,1.702740122,6.470203811,1,"{'range': '11.24868962652545', 'type': 'geometric::RRTConnect'}"
137,2132.81798,0.308845997,RRTConnectkConfigDefault,1,3.563230991,0.308845997,1.702984299,7.115111476,1,"{'range': '7.5228467110015', 'type': 'geometric::RRTConnect'}"
138,2148.4465,0.614445925,RRTConnectkConfigDefault,1,5.233551025,0.614445925,1.702752424,9.548030356,1,"{'range': '4.535471781727166', 'type': 'geometric::RRTConnect'}"
139,2164.075019,0.201072931,RRTConnectkConfigDefault,1,3.243231058,0.201072931,1.702976221,7.152146531,1,"{'range': '7.012054673148835', 'type': 'geometric::RRTConnect'}"
140,2179.703538,0.482146978,RRTConnectkConfigDefault,1,3.413907051,0.482146978,1.70283233,8.727300043,1,"{'range': '2.3895783819926657', 'type': 'geometric::RRTConnect'}"
141,2195.332057,0.229274988,RRTConnectkConfigDefault,1,3.865398169,0.229274988,1.702905705,8.944516328,1,"{'range': '5.012379423942353', 'type': 'geometric::RRTConnect'}"
142,2210.960577,3,RRTConnectkConfigDefault,1,0.084869146,0.045190096,0.000177051,0.000179996,0,"{'range': '0.4298472611613551', 'type': 'geometric::RRTConnect'}"
143,2226.589096,0.441580772,RRTConnectkConfigDefault,1,2.476433039,0.441580772,1.70285032,9.788587421,1,"{'range': '5.667648654105963', 'type': 'geometric::RRTConnect'}"
144,2242.217615,0.16354394,RRTConnectkConfigDefault,1,2.525156975,0.16354394,1.703026103,7.523086231,1,"{'range': '7.9643514987323885', 'type': 'geometric::RRTConnect'}"
145,2257.24961,0.501486063,RRTConnectkConfigDefault,1,4.181319952,0.501486063,1.703161247,6.939897244,1,"{'range': '5.320358037014726', 'type': 'geometric::RRTConnect'}"
146,2272.281605,3,RRTConnectkConfigDefault,1,0.065263987,0.038995981,0.000372924,0.000379328,0,"{'range': '7.33940940983701', 'type': 'geometric::RRTConnect'}"
147,2287.313601,0.358844995,RRTConnectkConfigDefault,1,3.676833868,0.358844995,1.702990369,6.768540257,1,"{'range': '5.750697719121539', 'type': 'geometric::RRTConnect'}"
148,2302.345596,0.463166237,RRTConnectkConfigDefault,1,3.757676125,0.463166237,1.702739865,8.441971466,1,"{'range': '8.331291748245325', 'type': 'geometric::RRTConnect'}"
149,2317.377591,3,RRTConnectkConfigDefault,1,0.061486959,3.024218798,0,0,0,"{'range': '0.4344314633797306', 'type': 'geometric::RRTConnect'}"
150,2332.409586,0.492311954,RRTConnectkConfigDefault,1,3.100521088,0.492311954,1.702937276,8.705867178,1,"{'range': '4.975510245948631', 'type': 'geometric::RRTConnect'}"
151,2347.441582,3,RRTConnectkConfigDefault,1,0.099314928,0.084594011,0.000233344,0.000238825,0,"{'range': '10.809402643704832', 'type': 'geometric::RRTConnect'}"
152,2362.473577,0.523241043,RRTConnectkConfigDefault,1,3.436727047,0.523241043,1.70260711,7.284670839,1,"{'range': '10.805059909779317', 'type': 'geometric::RRTConnect'}"
153,2377.505572,0.255785942,RRTConnectkConfigDefault,1,3.886175156,0.255785942,1.702940395,7.814900511,1,"{'range': '13.221122490206893', 'type': 'geometric::RRTConnect'}"
154,2392.537567,0.200371027,RRTConnectkConfigDefault,1,2.37400794,0.200371027,1.703032591,7.35692424,1,"{'range': '10.808200252268037', 'type': 'geometric::RRTConnect'}"
155,2407.569563,0.728955984,RRTConnectkConfigDefault,1,3.01236105,0.728955984,1.7028391,6.713514864,1,"{'range': '10.80838543971938', 'type': 'geometric::RRTConnect'}"
156,2422.601558,0.404361963,RRTConnectkConfigDefault,1,4.976908922,0.404361963,1.702855932,9.64743877,1,"{'range': '13.85444855823856', 'type': 'geometric::RRTConnect'}"
157,2437.633553,0.315232992,RRTConnectkConfigDefault,1,2.693628073,0.315232992,1.703010539,7.267502364,1,"{'range': '7.601189855327781', 'type': 'geometric::RRTConnect'}"
158,2452.665548,0.371819019,RRTConnectkConfigDefault,1,3.164275885,0.371819019,1.702980333,8.269167152,1,"{'range': '12.876361622687016', 'type': 'geometric::RRTConnect'}"
159,2467.697544,0.572697163,RRTConnectkConfigDefault,1,2.833626986,0.572697163,1.70314009,7.461408832,1,"{'range': '11.888117350356424', 'type': 'geometric::RRTConnect'}"
160,2482.729539,0.254444122,RRTConnectkConfigDefault,1,3.534389019,0.254444122,1.702718585,8.299580982,1,"{'range': '6.956200803303471', 'type': 'geometric::RRTConnect'}"
161,2497.761534,1.970288992,RRTConnectkConfigDefault,1,4.243882895,1.970288992,1.702804777,8.867076025,1,"{'range': '0.5462298822746882', 'type': 'geometric::RRTConnect'}"
162,2512.793529,3,RRTConnectkConfigDefault,1,0.073062897,0.08511281,0.000352841,0.000357862,0,"{'range': '7.553001009183609', 'type': 'geometric::RRTConnect'}"
163,2527.825525,0.17259407,RRTConnectkConfigDefault,1,2.947498083,0.17259407,1.702843081,6.793856298,1,"{'range': '11.040582231781642', 'type': 'geometric::RRTConnect'}"
164,2542.85752,0.314110994,RRTConnectkConfigDefault,1,2.417518854,0.314110994,1.702868815,7.88932092,1,"{'range': '13.780732324201928', 'type': 'geometric::RRTConnect'}"
165,2557.889515,0.645436049,RRTConnectkConfigDefault,1,3.78805995,0.645436049,1.702883177,8.84445965,1,"{'range': '7.021000334554891', 'type': 'geometric::RRTConnect'}"
166,2572.92151,0.265483141,RRTConnectkConfigDefault,1,3.316335201,0.265483141,1.702697568,8.180845114,1,"{'range': '3.365339589348451', 'type': 'geometric::RRTConnect'}"
167,2587.953505,0.895492077,RRTConnectkConfigDefault,1,3.99187994,0.895492077,1.702994855,9.521406387,1,"{'range': '12.944546146135163', 'type': 'geometric::RRTConnect'}"
168,2602.985501,0.503039837,RRTConnectkConfigDefault,1,3.857739925,0.503039837,1.702858076,8.78079435,1,"{'range': '8.945136884577604', 'type': 'geometric::RRTConnect'}"
169,2618.017496,0.352432013,RRTConnectkConfigDefault,1,5.272480011,0.352432013,1.70290275,6.710016293,1,"{'range': '2.0724573255395966', 'type': 'geometric::RRTConnect'}"
170,2633.049491,0.543245077,RRTConnectkConfigDefault,1,3.834070921,0.543245077,1.702802574,8.199959702,1,"{'range': '2.4063470155008173', 'type': 'geometric::RRTConnect'}"
171,2648.081486,0.542221785,RRTConnectkConfigDefault,1,2.406148195,0.542221785,1.703108942,8.531750382,1,"{'range': '5.5098168639426', 'type': 'geometric::RRTConnect'}"
172,2663.113482,0.583812952,RRTConnectkConfigDefault,1,2.526771069,0.583812952,1.702802781,7.72898064,1,"{'range': '6.986377423567349', 'type': 'geometric::RRTConnect'}"
173,2678.145477,0.309809923,RRTConnectkConfigDefault,1,2.715052128,0.309809923,1.702933251,7.175182835,1,"{'range': '7.565172185969366', 'type': 'geometric::RRTConnect'}"
174,2693.177472,0.179033041,RRTConnectkConfigDefault,1,2.018620014,0.179033041,1.703034289,6.683172772,1,"{'range': '7.004425739753509', 'type': 'geometric::RRTConnect'}"
175,2708.209467,0.216376066,RRTConnectkConfigDefault,1,2.48309207,0.216376066,1.702830484,7.636429469,1,"{'range': '7.000516802641065', 'type': 'geometric::RRTConnect'}"
176,2723.241463,3,RRTConnectkConfigDefault,1,0.087647915,0.047363997,0.00027305,0.000278504,0,"{'range': '7.561148803511823', 'type': 'geometric::RRTConnect'}"
177,2738.273458,0.588913918,RRTConnectkConfigDefault,1,3.301357985,0.588913918,1.702814898,6.834453116,1,"{'range': '1.8547069833359169', 'type': 'geometric::RRTConnect'}"
178,2753.305453,0.335656881,RRTConnectkConfigDefault,1,3.421325922,0.335656881,1.702978539,6.393756958,1,"{'range': '7.594666880909408', 'type': 'geometric::RRTConnect'}"
179,2768.337448,0.166079998,RRTConnectkConfigDefault,1,2.353238106,0.166079998,1.702670254,7.027517441,1,"{'range': '7.582314752690856', 'type': 'geometric::RRTConnect'}"
180,2783.369444,0.224598885,RRTConnectkConfigDefault,1,2.195981979,0.224598885,1.702874286,6.922653795,1,"{'range': '7.563473586291037', 'type': 'geometric::RRTConnect'}"
181,2798.401439,0.353919983,RRTConnectkConfigDefault,1,2.711853981,0.353919983,1.703107721,7.58916281,1,"{'range': '4.620981035297256', 'type': 'geometric::RRTConnect'}"
182,2813.433434,0.854072094,RRTConnectkConfigDefault,1,3.119015932,0.854072094,1.702965784,7.917860859,1,"{'range': '7.564190058092414', 'type': 'geometric::RRTConnect'}"
183,2828.465429,0.829639912,RRTConnectkConfigDefault,1,2.784278154,0.829639912,1.702951108,7.016021649,1,"{'range': '1.1473824044178127', 'type': 'geometric::RRTConnect'}"
184,2843.497425,0.474341869,RRTConnectkConfigDefault,1,4.008374929,0.474341869,1.703144552,6.935640397,1,"{'range': '7.565872681823909', 'type': 'geometric::RRTConnect'}"
185,2858.52942,3,RRTConnectkConfigDefault,1,0.019033909,0.787147999,0,0,0,"{'range': '7.568595772213028', 'type': 'geometric::RRTConnect'}"
186,2873.561415,0.259316921,RRTConnectkConfigDefault,1,2.459549904,0.259316921,1.702949277,7.712290862,1,"{'range': '5.052204596731264', 'type': 'geometric::RRTConnect'}"
187,2888.59341,0.32179904,RRTConnectkConfigDefault,1,2.577682972,0.32179904,1.702717077,6.604374878,1,"{'range': '3.7960799999037467', 'type': 'geometric::RRTConnect'}"
188,2903.625405,0.278576851,RRTConnectkConfigDefault,1,2.620942116,0.278576851,1.7029307,6.830292206,1,"{'range': '2.2453046482531254', 'type': 'geometric::RRTConnect'}"
189,2918.657401,0.52205801,RRTConnectkConfigDefault,1,2.463191986,0.52205801,1.702770639,6.790546207,1,"{'range': '7.5803794656018395', 'type': 'geometric::RRTConnect'}"
190,2933.689396,1.242882013,RRTConnectkConfigDefault,1,3.659266949,1.242882013,1.702881239,9.07709828,1,"{'range': '1.4450213468643711', 'type': 'geometric::RRTConnect'}"
191,2948.721391,0.363692999,RRTConnectkConfigDefault,1,3.377474785,0.363692999,1.702784393,7.237064494,1,"{'range': '3.5894781883182088', 'type': 'geometric::RRTConnect'}"
192,2963.753386,3,RRTConnectkConfigDefault,1,0.066732168,0.052007198,0.000390016,0.000396147,0,"{'range': '10.69963625664939', 'type': 'geometric::RRTConnect'}"
193,2978.785382,0.512757063,RRTConnectkConfigDefault,1,2.914567947,0.512757063,1.703019417,7.24778655,1,"{'range': '1.9904608683708478', 'type': 'geometric::RRTConnect'}"
194,2993.817377,3,RRTConnectkConfigDefault,1,0.076931953,0.111841202,0.000324406,0.00033011,0,"{'range': '7.5952225027644005', 'type': 'geometric::RRTConnect'}"
195,3008.849372,0.38007021,RRTConnectkConfigDefault,1,3.50771594,0.38007021,1.702954679,8.268188142,1,"{'range': '11.786361841464455', 'type': 'geometric::RRTConnect'}"
196,3023.881367,0.263566017,RRTConnectkConfigDefault,1,3.065165997,0.263566017,1.702993671,8.243923189,1,"{'range': '7.0364314914936115', 'type': 'geometric::RRTConnect'}"
197,3038.913363,0.240911007,RRTConnectkConfigDefault,1,2.930069923,0.240911007,1.703113757,7.887335743,1,"{'range': '14.437891186779131', 'type': 'geometric::RRTConnect'}"
198,3053.945358,0.434798002,RRTConnectkConfigDefault,1,3.965671062,0.434798002,1.702834308,8.016240113,1,"{'range': '2.7594195161330375', 'type': 'geometric::RRTConnect'}"
199,3068.977353,1.124377966,RRTConnectkConfigDefault,1,3.304207087,1.124377966,1.703054398,8.0484561,1,"{'range': '1.4328657668029534', 'type': 'geometric::RRTConnect'}"
200,3084.009348,3,RRTConnectkConfigDefault,1,0.068656921,0.052668095,0.000323315,0.000328518,0,"{'range': '11.01047462300266', 'type': 'geometric::RRTConnect'}"
201,3099.041344,0.69825387,RRTConnectkConfigDefault,1,3.742962122,0.69825387,1.702495727,8.106523546,1,"{'range': '14.16158568048065', 'type': 'geometric::RRTConnect'}"
202,3114.073339,0.297264099,RRTConnectkConfigDefault,1,2.787881851,0.297264099,1.702446209,8.915421388,1,"{'range': '7.041677847202371', 'type': 'geometric::RRTConnect'}"
203,3129.105334,0.252281189,RRTConnectkConfigDefault,1,3.408637047,0.252281189,1.702554334,7.782723761,1,"{'range': '11.054497325467324', 'type': 'geometric::RRTConnect'}"
204,3144.137329,0.274683952,RRTConnectkConfigDefault,1,3.544394016,0.274683952,1.702484162,7.208887369,1,"{'range': '12.475169736823785', 'type': 'geometric::RRTConnect'}"
205,3159.169324,0.793050051,RRTConnectkConfigDefault,1,3.268305063,0.793050051,1.702588253,8.698163201,1,"{'range': '7.256476646283491', 'type': 'geometric::RRTConnect'}"
206,3174.20132,1.059337854,RRTConnectkConfigDefault,1,4.133314848,1.059337854,1.702872185,8.516566533,1,"{'range': '7.04754006517791', 'type': 'geometric::RRTConnect'}"
207,3189.233315,0.31509304,RRTConnectkConfigDefault,1,2.54235816,0.31509304,1.702737814,8.166318406,1,"{'range': '7.058727519260109', 'type': 'geometric::RRTConnect'}"
208,3204.26531,0.482609034,RRTConnectkConfigDefault,1,3.74198103,0.482609034,1.702780415,8.180616343,1,"{'range': '10.808677502273756', 'type': 'geometric::RRTConnect'}"
209,3219.297305,3,RRTConnectkConfigDefault,1,0.035634041,1.718381882,0,0,0,"{'range': '1.0351379417938347', 'type': 'geometric::RRTConnect'}"
210,3234.329301,0.524329185,RRTConnectkConfigDefault,1,4.960580111,0.524329185,1.702691772,8.032481668,1,"{'range': '3.9318363485520074', 'type': 'geometric::RRTConnect'}"
211,3249.361296,0.205150127,RRTConnectkConfigDefault,1,3.135298014,0.205150127,1.703014303,7.611250332,1,"{'range': '8.81568785024938', 'type': 'geometric::RRTConnect'}"
212,3264.393291,0.366514921,RRTConnectkConfigDefault,1,3.654985189,0.366514921,1.702667107,8.72455742,1,"{'range': '4.753419424846139', 'type': 'geometric::RRTConnect'}"
213,3279.425286,0.268667936,RRTConnectkConfigDefault,1,3.227787971,0.268667936,1.702783615,7.944995592,1,"{'range': '13.173522834598744', 'type': 'geometric::RRTConnect'}"
214,3294.457282,0.345669985,RRTConnectkConfigDefault,1,3.328665972,0.345669985,1.702699964,8.167361029,1,"{'range': '5.999344553809622', 'type': 'geometric::RRTConnect'}"
215,3309.489277,0.881361008,RRTConnectkConfigDefault,1,3.841575861,0.881361008,1.702882575,8.752992361,1,"{'range': '10.808387158130245', 'type': 'geometric::RRTConnect'}"
216,3324.521272,3,RRTConnectkConfigDefault,1,0.006791115,1.147638798,0,0,0,"{'range': '11.787724233819093', 'type': 'geometric::RRTConnect'}"
217,3339.553267,0.483397961,RRTConnectkConfigDefault,1,3.103427887,0.483397961,1.702737065,7.428389766,1,"{'range': '11.025842894777394', 'type': 'geometric::RRTConnect'}"
218,3354.585263,0.369019985,RRTConnectkConfigDefault,1,3.868016958,0.369019985,1.702915565,6.909526484,1,"{'range': '3.8801051844157115', 'type': 'geometric::RRTConnect'}"
219,3369.617258,3,RRTConnectkConfigDefault,1,0.011029005,0.816277981,0,0,0,"{'range': '11.02787972428847', 'type': 'geometric::RRTConnect'}"
220,3384.649253,0.638953209,RRTConnectkConfigDefault,1,2.594935894,0.638953209,1.702801866,7.16034512,1,"{'range': '5.725401901790237', 'type': 'geometric::RRTConnect'}"
221,3399.681248,0.389433146,RRTConnectkConfigDefault,1,2.895163059,0.389433146,1.702931679,7.401999633,1,"{'range': '6.6592556884516645', 'type': 'geometric::RRTConnect'}"
222,3414.713244,3,RRTConnectkConfigDefault,1,0.070080996,0.057147026,0.000213279,0.000219499,0,"{'range': '11.519657655897939', 'type': 'geometric::RRTConnect'}"
223,3429.745239,1.078332901,RRTConnectkConfigDefault,1,3.590708971,1.078332901,1.702712754,7.027802845,1,"{'range': '11.461807125907503', 'type': 'geometric::RRTConnect'}"
224,3444.777234,0.921988964,RRTConnectkConfigDefault,1,4.497188091,0.921988964,1.703110993,8.958446883,1,"{'range': '11.053958795065018', 'type': 'geometric::RRTConnect'}"
225,3459.809229,0.445636034,RRTConnectkConfigDefault,1,2.633681059,0.445636034,1.702877866,8.621403313,1,"{'range': '13.672780677562756', 'type': 'geometric::RRTConnect'}"
226,3474.841224,0.428189993,RRTConnectkConfigDefault,1,4.009287119,0.428189993,1.702709475,7.647680752,1,"{'range': '10.606349987726535', 'type': 'geometric::RRTConnect'}"
227,3489.87322,0.74908185,RRTConnectkConfigDefault,1,2.342447042,0.74908185,1.702797546,7.595123715,1,"{'range': '5.714413470719004', 'type': 'geometric::RRTConnect'}"
228,3504.905215,0.243916988,RRTConnectkConfigDefault,1,3.957941055,0.243916988,1.702919618,7.535246052,1,"{'range': '10.60513754562499', 'type': 'geometric::RRTConnect'}"
229,3519.93721,0.273957968,RRTConnectkConfigDefault,1,3.77580905,0.273957968,1.702934179,8.087706975,1,"{'range': '14.771562627442131', 'type': 'geometric::RRTConnect'}"
230,3534.969205,0.193889856,RRTConnectkConfigDefault,1,4.239067078,0.193889856,1.702841609,8.79747489,1,"{'range': '10.808770397942823', 'type': 'geometric::RRTConnect'}"
231,3550.001201,0.395864964,RRTConnectkConfigDefault,1,3.209197044,0.395864964,1.702676409,6.888627337,1,"{'range': '7.6484420983411905', 'type': 'geometric::RRTConnect'}"
232,3565.033196,0.824420929,RRTConnectkConfigDefault,1,3.976938009,0.824420929,1.702818269,7.13078161,1,"{'range': '11.038178909738322', 'type': 'geometric::RRTConnect'}"
233,3580.065191,0.311743021,RRTConnectkConfigDefault,1,4.077661991,0.311743021,1.702917097,9.678532175,1,"{'range': '11.040019483031054', 'type': 'geometric::RRTConnect'}"
234,3595.097186,0.521291971,RRTConnectkConfigDefault,1,2.593495131,0.521291971,1.702929551,8.061974765,1,"{'range': '14.439576495273556', 'type': 'geometric::RRTConnect'}"
235,3610.129182,3,RRTConnectkConfigDefault,1,0.075973988,0.026990891,0.000388486,0.000394832,0,"{'range': '0.1117619470119773', 'type': 'geometric::RRTConnect'}"
236,3625.161177,0.487318993,RRTConnectkConfigDefault,1,2.877426863,0.487318993,1.702780153,8.267419198,1,"{'range': '9.317413028861411', 'type': 'geometric::RRTConnect'}"
237,3640.193172,0.423501968,RRTConnectkConfigDefault,1,2.873650074,0.423501968,1.702772727,8.185927885,1,"{'range': '11.639008498561129', 'type': 'geometric::RRTConnect'}"
238,3655.225167,0.377444983,RRTConnectkConfigDefault,1,2.555932045,0.377444983,1.702861388,7.678323123,1,"{'range': '14.240700959797827', 'type': 'geometric::RRTConnect'}"
239,3670.257163,0.620160103,RRTConnectkConfigDefault,1,3.735846996,0.620160103,1.702883748,8.216415687,1,"{'range': '4.974391601619954', 'type': 'geometric::RRTConnect'}"
240,3685.289158,0.293725014,RRTConnectkConfigDefault,1,3.850169182,0.293725014,1.702837288,6.986908418,1,"{'range': '11.48855660331721', 'type': 'geometric::RRTConnect'}"
241,3700.321153,0.373239994,RRTConnectkConfigDefault,1,3.086627007,0.373239994,1.702745584,6.619375801,1,"{'range': '11.488290267457248', 'type': 'geometric::RRTConnect'}"
242,3715.353148,0.22517705,RRTConnectkConfigDefault,1,3.719257116,0.22517705,1.702730422,8.100567957,1,"{'range': '9.927626784259836', 'type': 'geometric::RRTConnect'}"
243,3730.385144,0.538213968,RRTConnectkConfigDefault,1,3.715379,0.538213968,1.702672916,7.891712875,1,"{'range': '2.7961284728995603', 'type': 'geometric::RRTConnect'}"
244,3745.417139,0.190758944,RRTConnectkConfigDefault,1,3.584977865,0.190758944,1.703115275,7.643092275,1,"{'range': '12.05707305808817', 'type': 'geometric::RRTConnect'}"
245,3760.449134,0.160037041,RRTConnectkConfigDefault,1,2.993991137,0.160037041,1.70271493,7.469583729,1,"{'range': '12.060318559197574', 'type': 'geometric::RRTConnect'}"
246,3775.613936,0.255006075,RRTConnectkConfigDefault,1,3.489015102,0.255006075,1.702947498,8.055978239,1,"{'range': '10.790471403347201', 'type': 'geometric::RRTConnect'}"
247,3790.778739,3,RRTConnectkConfigDefault,1,0.077002048,0.052447796,0.000247768,0.00025592,0,"{'range': '9.633261193214798', 'type': 'geometric::RRTConnect'}"
248,3805.943541,0.362267017,RRTConnectkConfigDefault,1,2.84773612,0.362267017,1.703010454,8.230580161,1,"{'range': '11.575728738269238', 'type': 'geometric::RRTConnect'}"
249,3821.108344,0.24750185,RRTConnectkConfigDefault,1,3.083910942,0.24750185,1.703115195,8.03336726,1,"{'range': '9.151990207838503', 'type': 'geometric::RRTConnect'}"
250,3836.273146,0.671076059,RRTConnectkConfigDefault,1,3.381385088,0.671076059,1.702746681,7.700450808,1,"{'range': '2.68249724074264', 'type': 'geometric::RRTConnect'}"
251,3851.437949,0.31533885,RRTConnectkConfigDefault,1,3.218658924,0.31533885,1.702913406,6.422538166,1,"{'range': '6.355830374646741', 'type': 'geometric::RRTConnect'}"
252,3866.602751,0.351236105,RRTConnectkConfigDefault,1,3.072134972,0.351236105,1.702776191,7.286025983,1,"{'range': '7.041706978770636', 'type': 'geometric::RRTConnect'}"
253,3881.767554,0.306552887,RRTConnectkConfigDefault,1,3.237011194,0.306552887,1.702884495,8.883611867,1,"{'range': '8.111090517791526', 'type': 'geometric::RRTConnect'}"
254,3896.932356,0.336125135,RRTConnectkConfigDefault,1,3.295051098,0.336125135,1.702935149,7.086482702,1,"{'range': '8.05007658514388', 'type': 'geometric::RRTConnect'}"
255,3912.097159,0.772522926,RRTConnectkConfigDefault,1,2.644698143,0.772522926,1.703043253,6.849030713,1,"{'range': '10.780433009528982', 'type': 'geometric::RRTConnect'}"
256,3927.261961,0.143968105,RRTConnectkConfigDefault,1,2.834336996,0.143968105,1.702956117,7.837755264,1,"{'range': '9.143949925199303', 'type': 'geometric::RRTConnect'}"
257,3942.793485,0.200913906,RRTConnectkConfigDefault,1,2.7920959,0.200913906,1.7029601,8.647899749,1,"{'range': '7.60255075769067', 'type': 'geometric::RRTConnect'}"
258,3958.325009,0.636902094,RRTConnectkConfigDefault,1,3.255282164,0.636902094,1.702980806,7.218374408,1,"{'range': '4.638044337587849', 'type': 'geometric::RRTConnect'}"
259,3973.856533,0.140543938,RRTConnectkConfigDefault,1,3.423989058,0.140543938,1.702914254,7.416621638,1,"{'range': '14.995992008002114', 'type': 'geometric::RRTConnect'}"
260,3992.504761,0.500830889,RRTConnectkConfigDefault,1,3.363590002,0.500830889,1.702750288,7.792596942,1,"{'range': '8.30643122028987', 'type': 'geometric::RRTConnect'}"
261,4011.152989,3,RRTConnectkConfigDefault,1,0.077920198,0.028819084,0.00024536,0.000250737,0,"{'range': '0.8306489363989088', 'type': 'geometric::RRTConnect'}"
262,4029.801217,0.320746183,RRTConnectkConfigDefault,1,4.4506042,0.320746183,1.702742013,8.207135167,1,"{'range': '9.181484780279101', 'type': 'geometric::RRTConnect'}"
263,4048.449446,0.215586901,RRTConnectkConfigDefault,1,2.81367898,0.215586901,1.702808253,7.721719192,1,"{'range': '9.172672271015806', 'type': 'geometric::RRTConnect'}"
264,4067.097674,0.555032969,RRTConnectkConfigDefault,1,2.429654121,0.555032969,1.702816366,6.625228431,1,"{'range': '7.598825215509846', 'type': 'geometric::RRTConnect'}"
265,4085.745902,0.68261385,RRTConnectkConfigDefault,1,3.884313107,0.68261385,1.702875433,7.520162978,1,"{'range': '1.6292850159204717', 'type': 'geometric::RRTConnect'}"
266,4104.39413,0.815046072,RRTConnectkConfigDefault,1,3.63365078,0.815046072,1.702539349,7.278742154,1,"{'range': '11.036994996932735', 'type': 'geometric::RRTConnect'}"
267,4123.042358,0.473096848,RRTConnectkConfigDefault,1,2.625448942,0.473096848,1.702742049,7.880726475,1,"{'range': '9.254046795379754', 'type': 'geometric::RRTConnect'}"
268,4141.690586,0.264872789,RRTConnectkConfigDefault,1,2.910567999,0.264872789,1.702674413,7.106537412,1,"{'range': '9.534738341195249', 'type': 'geometric::RRTConnect'}"
269,4160.338814,0.474066019,RRTConnectkConfigDefault,1,5.296461105,0.474066019,1.702538335,7.206622957,1,"{'range': '10.23311322349302', 'type': 'geometric::RRTConnect'}"
270,4178.987042,0.29696393,RRTConnectkConfigDefault,1,4.490787983,0.29696393,1.703051468,8.217265606,1,"{'range': '14.15792678885545', 'type': 'geometric::RRTConnect'}"
271,4197.635271,0.315248966,RRTConnectkConfigDefault,1,3.361817122,0.315248966,1.702760463,7.43631467,1,"{'range': '4.416655492372257', 'type': 'geometric::RRTConnect'}"
272,4216.283499,1.177794933,RRTConnectkConfigDefault,1,3.187809944,1.177794933,1.702755575,6.709217974,1,"{'range': '13.45046943322721', 'type': 'geometric::RRTConnect'}"
273,4234.931727,0.392767906,RRTConnectkConfigDefault,1,2.627702951,0.392767906,1.702918829,6.609747909,1,"{'range': '2.0996148756613433', 'type': 'geometric::RRTConnect'}"
274,4253.579955,0.401159048,RRTConnectkConfigDefault,1,2.52354002,0.401159048,1.702792747,8.801439071,1,"{'range': '11.494806653389908', 'type': 'geometric::RRTConnect'}"
275,4272.228183,0.20968318,RRTConnectkConfigDefault,1,2.94282198,0.20968318,1.703154897,8.053635443,1,"{'range': '9.147881435757164', 'type': 'geometric::RRTConnect'}"
276,4290.876411,0.766067982,RRTConnectkConfigDefault,1,4.153912067,0.766067982,1.702876079,8.400380735,1,"{'range': '14.011567099334028', 'type': 'geometric::RRTConnect'}"
277,4309.524639,0.76669693,RRTConnectkConfigDefault,1,2.44827795,0.76669693,1.703012924,6.60355794,1,"{'range': '1.362801711105112', 'type': 'geometric::RRTConnect'}"
278,4328.172868,0.347265005,RRTConnectkConfigDefault,1,2.865078211,0.347265005,1.702700975,8.732409954,1,"{'range': '13.507118787447398', 'type': 'geometric::RRTConnect'}"
279,4346.821096,0.628563881,RRTConnectkConfigDefault,1,3.576404095,0.628563881,1.70278311,6.864117844,1,"{'range': '7.032574173714281', 'type': 'geometric::RRTConnect'}"
280,4365.469324,0.342132092,RRTConnectkConfigDefault,1,3.609241962,0.342132092,1.703008018,8.273410468,1,"{'range': '12.28319284064404', 'type': 'geometric::RRTConnect'}"
281,4384.117552,0.490738869,RRTConnectkConfigDefault,1,3.291598082,0.490738869,1.702807771,8.080496909,1,"{'range': '11.488363073435828', 'type': 'geometric::RRTConnect'}"
282,4402.76578,3,RRTConnectkConfigDefault,1,0.032396078,0.814896822,0,0,0,"{'range': '11.38554080803982', 'type': 'geometric::RRTConnect'}"
283,4421.414008,0.218231201,RRTConnectkConfigDefault,1,3.685706139,0.218231201,1.703033004,6.875209048,1,"{'range': '9.140673588842983', 'type': 'geometric::RRTConnect'}"
284,4440.062236,0.272973061,RRTConnectkConfigDefault,1,3.297796011,0.272973061,1.70268327,8.510453005,1,"{'range': '14.008873005694447', 'type': 'geometric::RRTConnect'}"
285,4458.710464,3,RRTConnectkConfigDefault,1,0.009631157,3.009622097,0,0,0,"{'range': '0.47467227891398056', 'type': 'geometric::RRTConnect'}"
286,4477.358693,0.941931009,RRTConnectkConfigDefault,1,2.768684149,0.941931009,1.702998726,7.074032032,1,"{'range': '9.414234965895428', 'type': 'geometric::RRTConnect'}"
287,4496.006921,3,RRTConnectkConfigDefault,1,0.003485918,3.014332056,0,0,0,"{'range': '0.4741334027580113', 'type': 'geometric::RRTConnect'}"
288,4514.655149,0.302018881,RRTConnectkConfigDefault,1,4.374809027,0.302018881,1.702788665,9.316158243,1,"{'range': '10.4117581637684', 'type': 'geometric::RRTConnect'}"
289,4533.303377,1.189315081,RRTConnectkConfigDefault,1,3.105969906,1.189315081,1.702931091,7.479184343,1,"{'range': '11.372944306081775', 'type': 'geometric::RRTConnect'}"
290,4551.951605,0.240120888,RRTConnectkConfigDefault,1,2.75395298,0.240120888,1.702835676,6.98297751,1,"{'range': '12.149372458162444', 'type': 'geometric::RRTConnect'}"
291,4570.599833,0.337512016,RRTConnectkConfigDefault,1,4.06052804,0.337512016,1.702790894,9.09187023,1,"{'range': '12.750429586621337', 'type': 'geometric::RRTConnect'}"
292,4589.248061,0.532966137,RRTConnectkConfigDefault,1,3.962960005,0.532966137,1.702922603,8.4742022,1,"{'range': '14.454062045402278', 'type': 'geometric::RRTConnect'}"
293,4607.89629,0.476213932,RRTConnectkConfigDefault,1,3.864511967,0.476213932,1.702967629,7.184958242,1,"{'range': '3.417294407636505', 'type': 'geometric::RRTConnect'}"
294,4626.544518,0.373390913,RRTConnectkConfigDefault,1,3.775476933,0.373390913,1.702714548,8.612456728,1,"{'range': '9.142480898636029', 'type': 'geometric::RRTConnect'}"
295,4645.192746,0.894198179,RRTConnectkConfigDefault,1,4.393792152,0.894198179,1.703064185,9.51134652,1,"{'range': '1.7724322299215427', 'type': 'geometric::RRTConnect'}"
296,4663.840974,0.33784008,RRTConnectkConfigDefault,1,3.342787981,0.33784008,1.702958607,9.16257839,1,"{'range': '11.481443079966311', 'type': 'geometric::RRTConnect'}"
297,4682.489202,0.219013929,RRTConnectkConfigDefault,1,3.358305931,0.219013929,1.703098933,7.338425122,1,"{'range': '8.922643512666', 'type': 'geometric::RRTConnect'}"
298,4701.13743,0.612565041,RRTConnectkConfigDefault,1,2.700493097,0.612565041,1.703017934,7.482726821,1,"{'range': '9.686290818844538', 'type': 'geometric::RRTConnect'}"
299,4719.785658,0.369115114,RRTConnectkConfigDefault,1,3.52144599,0.369115114,1.702885635,6.471519929,1,"{'range': '12.028580814570164', 'type': 'geometric::RRTConnect'}"
300,4738.433886,0.368512869,RRTConnectkConfigDefault,1,2.559220076,0.368512869,1.702980096,7.2485317,1,"{'range': '10.623855314570514', 'type': 'geometric::RRTConnect'}"
301,4757.082115,0.17059803,RRTConnectkConfigDefault,1,3.330142975,0.17059803,1.702682087,8.5179475,1,"{'range': '9.148335001287775', 'type': 'geometric::RRTConnect'}"
302,4775.730343,0.384782076,RRTConnectkConfigDefault,1,4.10654521,0.384782076,1.703088241,8.435868446,1,"{'range': '10.62779404865448', 'type': 'geometric::RRTConnect'}"
303,4794.378571,0.277096987,RRTConnectkConfigDefault,1,3.253736973,0.277096987,1.702945133,7.082521656,1,"{'range': '14.624388238120824', 'type': 'geometric::RRTConnect'}"
304,4813.026799,0.350950956,RRTConnectkConfigDefault,1,3.123138905,0.350950956,1.702938232,7.254617327,1,"{'range': '5.285913528370236', 'type': 'geometric::RRTConnect'}"
305,4831.675027,3,RRTConnectkConfigDefault,1,0.077958822,0.040117979,0.000236888,0.000242242,0,"{'range': '9.144493284042895', 'type': 'geometric::RRTConnect'}"
306,4850.323255,0.198333979,RRTConnectkConfigDefault,1,2.664132118,0.198333979,1.702949002,7.602006575,1,"{'range': '14.695444973298583', 'type': 'geometric::RRTConnect'}"
307,4868.971483,0.845323086,RRTConnectkConfigDefault,1,2.840016127,0.845323086,1.703051083,7.14348081,1,"{'range': '14.554797192883905', 'type': 'geometric::RRTConnect'}"
308,4887.619712,0.241315126,RRTConnectkConfigDefault,1,3.275709867,0.241315126,1.702754696,8.801700583,1,"{'range': '13.761172323943812', 'type': 'geometric::RRTConnect'}"
309,4906.26794,0.232918024,RRTConnectkConfigDefault,1,4.009839058,0.232918024,1.703108626,7.850555192,1,"{'range': '5.662205122459914', 'type': 'geometric::RRTConnect'}"
310,4924.916168,0.561660767,RRTConnectkConfigDefault,1,3.417150974,0.561660767,1.702705443,6.745268514,1,"{'range': '7.731444326589972', 'type': 'geometric::RRTConnect'}"
311,4943.564396,0.355577946,RRTConnectkConfigDefault,1,4.597425938,0.355577946,1.702554407,8.807712953,1,"{'range': '9.177476447321801', 'type': 'geometric::RRTConnect'}"
312,4962.212624,0.489574194,RRTConnectkConfigDefault,1,2.362759113,0.489574194,1.702646656,7.026909115,1,"{'range': '3.2303244524806307', 'type': 'geometric::RRTConnect'}"
313,4980.860852,0.175075054,RRTConnectkConfigDefault,1,2.935832024,0.175075054,1.702663802,9.905873011,1,"{'range': '9.081264014488678', 'type': 'geometric::RRTConnect'}"
314,4999.50908,0.381386042,RRTConnectkConfigDefault,1,2.268368959,0.381386042,1.702686438,7.050064586,1,"{'range': '2.7514610767448358', 'type': 'geometric::RRTConnect'}"
315,5018.157308,0.675235987,RRTConnectkConfigDefault,1,3.573110104,0.675235987,1.702501739,7.773700813,1,"{'range': '4.120703265575257', 'type': 'geometric::RRTConnect'}"
316,5036.805537,0.262742996,RRTConnectkConfigDefault,1,3.312540054,0.262742996,1.702587803,6.995446134,1,"{'range': '9.07830757988666', 'type': 'geometric::RRTConnect'}"
317,5055.453765,0.41590786,RRTConnectkConfigDefault,1,3.957860947,0.41590786,1.70273681,8.451170735,1,"{'range': '9.080623914216876', 'type': 'geometric::RRTConnect'}"
318,5074.101993,0.182107925,RRTConnectkConfigDefault,1,2.788799047,0.182107925,1.703043567,6.848750322,1,"{'range': '10.792841460129736', 'type': 'geometric::RRTConnect'}"
319,5092.750221,0.239615917,RRTConnectkConfigDefault,1,3.436933041,0.239615917,1.702870267,8.071661524,1,"{'range': '12.012744481164802', 'type': 'geometric::RRTConnect'}"
320,5111.398449,3,RRTConnectkConfigDefault,1,0.087277889,0.107199192,0.00015224,0.000157583,0,"{'range': '9.147165447511195', 'type': 'geometric::RRTConnect'}"
321,5130.046677,0.338313103,RRTConnectkConfigDefault,1,3.963496923,0.338313103,1.702759766,6.928104222,1,"{'range': '9.145994235726816', 'type': 'geometric::RRTConnect'}"
322,5148.694905,0.310621977,RRTConnectkConfigDefault,1,3.683485031,0.310621977,1.702796697,7.138047726,1,"{'range': '13.657297797016135', 'type': 'geometric::RRTConnect'}"
323,5167.343134,0.480215073,RRTConnectkConfigDefault,1,3.2068398,0.480215073,1.702802735,6.80846994,1,"{'range': '6.6512532304124825', 'type': 'geometric::RRTConnect'}"
324,5185.991362,0.383419991,RRTConnectkConfigDefault,1,3.416049957,0.383419991,1.702789448,7.992115466,1,"{'range': '12.340869571015885', 'type': 'geometric::RRTConnect'}"
325,5204.63959,0.272186041,RRTConnectkConfigDefault,1,2.861846924,0.272186041,1.702897908,7.274595133,1,"{'range': '9.17086282374885', 'type': 'geometric::RRTConnect'}"
326,5223.287818,0.486700058,RRTConnectkConfigDefault,1,3.589745998,0.486700058,1.702800581,8.880258672,1,"{'range': '14.599042774725904', 'type': 'geometric::RRTConnect'}"
327,5241.936046,0.445621014,RRTConnectkConfigDefault,1,3.950927019,0.445621014,1.703026283,8.491896818,1,"{'range': '12.262733242241984', 'type': 'geometric::RRTConnect'}"
328,5260.584274,3,RRTConnectkConfigDefault,1,0.017163992,0.693081141,0,0,0,"{'range': '9.088116714473694', 'type': 'geometric::RRTConnect'}"
329,5279.232502,0.36589694,RRTConnectkConfigDefault,1,2.529633999,0.36589694,1.702659514,7.262651319,1,"{'range': '5.067660587590162', 'type': 'geometric::RRTConnect'}"
330,5297.88073,0.479480028,RRTConnectkConfigDefault,1,2.857708931,0.479480028,1.702685823,6.434498381,1,"{'range': '2.5263304814821943', 'type': 'geometric::RRTConnect'}"
331,5316.528959,0.472355843,RRTConnectkConfigDefault,1,3.481424809,0.472355843,1.702984263,7.321643688,1,"{'range': '9.148363095377059', 'type': 'geometric::RRTConnect'}"
332,5335.177187,0.178145885,RRTConnectkConfigDefault,1,2.35598588,0.178145885,1.70284671,7.081603575,1,"{'range': '13.204194917258345', 'type': 'geometric::RRTConnect'}"
333,5353.825415,0.329626083,RRTConnectkConfigDefault,1,3.421474218,0.329626083,1.702762674,8.577132164,1,"{'range': '11.968935899116001', 'type': 'geometric::RRTConnect'}"
334,5372.473643,0.243257999,RRTConnectkConfigDefault,1,3.974653959,0.243257999,1.703097119,7.038607434,1,"{'range': '9.084747425095337', 'type': 'geometric::RRTConnect'}"
335,5391.121871,0.511419058,RRTConnectkConfigDefault,1,3.299196005,0.511419058,1.702930562,8.184871029,1,"{'range': '9.08361383262111', 'type': 'geometric::RRTConnect'}"
336,5409.770099,0.427409887,RRTConnectkConfigDefault,1,3.302082062,0.427409887,1.703100674,7.708260853,1,"{'range': '2.083664087339868', 'type': 'geometric::RRTConnect'}"
337,5428.418327,0.494194984,RRTConnectkConfigDefault,1,5.711633921,0.494194984,1.70302162,14.20074462,1,"{'range': '9.149274842045363', 'type': 'geometric::RRTConnect'}"
338,5447.066556,1.09802413,RRTConnectkConfigDefault,1,2.807717085,1.09802413,1.702977024,7.233217055,1,"{'range': '9.147642437199574', 'type': 'geometric::RRTConnect'}"
339,5465.714784,0.34215188,RRTConnectkConfigDefault,1,3.092202902,0.34215188,1.702850259,7.001771109,1,"{'range': '6.348959128028725', 'type': 'geometric::RRTConnect'}"
340,5484.363012,0.327456951,RRTConnectkConfigDefault,1,2.69018507,0.327456951,1.702989014,7.292016523,1,"{'range': '9.147690396425375', 'type': 'geometric::RRTConnect'}"
341,5503.01124,3,RRTConnectkConfigDefault,1,0.022016048,3.011037111,0,0,0,"{'range': '0.4893994151062775', 'type': 'geometric::RRTConnect'}"
342,5521.659468,0.539237976,RRTConnectkConfigDefault,1,4.216696978,0.539237976,1.702890398,8.373989459,1,"{'range': '4.496589872050833', 'type': 'geometric::RRTConnect'}"
343,5540.307696,0.521673918,RRTConnectkConfigDefault,1,3.447392941,0.521673918,1.702970295,6.653034243,1,"{'range': '11.940432318936413', 'type': 'geometric::RRTConnect'}"
344,5558.955924,0.345563889,RRTConnectkConfigDefault,1,3.005429029,0.345563889,1.702705781,8.547655143,1,"{'range': '7.623840780715748', 'type': 'geometric::RRTConnect'}"
345,5577.604152,0.35658288,RRTConnectkConfigDefault,1,2.46895504,0.35658288,1.70299641,8.691512657,1,"{'range': '12.095166479523682', 'type': 'geometric::RRTConnect'}"
346,5596.252381,3,RRTConnectkConfigDefault,1,0.021185875,0.562733173,0,0,0,"{'range': '4.417563647489045', 'type': 'geometric::RRTConnect'}"
347,5614.900609,0.282727003,RRTConnectkConfigDefault,1,3.412046909,0.282727003,1.70304721,7.55944046,1,"{'range': '13.306585933331641', 'type': 'geometric::RRTConnect'}"
348,5633.548837,0.350456953,RRTConnectkConfigDefault,1,3.458409071,0.350456953,1.70296409,7.552643877,1,"{'range': '11.673567906136787', 'type': 'geometric::RRTConnect'}"
349,5652.197065,0.490542173,RRTConnectkConfigDefault,1,3.241400957,0.490542173,1.702800443,6.935301763,1,"{'range': '4.1403911319315245', 'type': 'geometric::RRTConnect'}"
350,5670.845293,0.817771912,RRTConnectkConfigDefault,1,2.742553949,0.817771912,1.70308579,7.758013675,1,"{'range': '8.225976886376467', 'type': 'geometric::RRTConnect'}"
351,5689.493521,0.513960123,RRTConnectkConfigDefault,1,3.363690138,0.513960123,1.703029668,6.791794954,1,"{'range': '11.031778096186057', 'type': 'geometric::RRTConnect'}"
352,5708.141749,0.19432497,RRTConnectkConfigDefault,1,2.330416918,0.19432497,1.703027602,6.542143249,1,"{'range': '6.89224137255591', 'type': 'geometric::RRTConnect'}"
353,5726.789977,0.40743494,RRTConnectkConfigDefault,1,3.41050005,0.40743494,1.702871676,8.551829566,1,"{'range': '4.264545763265485', 'type': 'geometric::RRTConnect'}"
354,5745.438206,0.573690891,RRTConnectkConfigDefault,1,3.852813005,0.573690891,1.702759162,6.463796996,1,"{'range': '7.3462915509309115', 'type': 'geometric::RRTConnect'}"
355,5764.086434,0.746462822,RRTConnectkConfigDefault,1,3.18341589,0.746462822,1.702950973,7.616333229,1,"{'range': '11.398909595613123', 'type': 'geometric::RRTConnect'}"
356,5782.734662,0.473723888,RRTConnectkConfigDefault,1,4.654551983,0.473723888,1.702733022,8.426888185,1,"{'range': '5.612426853806847', 'type': 'geometric::RRTConnect'}"
357,5801.38289,0.415071964,RRTConnectkConfigDefault,1,3.137092829,0.415071964,1.702940224,7.555824758,1,"{'range': '10.04106870390518', 'type': 'geometric::RRTConnect'}"
358,5820.031118,0.21882081,RRTConnectkConfigDefault,1,2.895000935,0.21882081,1.702794009,7.075559351,1,"{'range': '6.4873561313642085', 'type': 'geometric::RRTConnect'}"
359,5838.679346,0.26769805,RRTConnectkConfigDefault,1,3.505199909,0.26769805,1.702969676,6.935124205,1,"{'range': '8.336000257894721', 'type': 'geometric::RRTConnect'}"
360,5857.327574,0.238265038,RRTConnectkConfigDefault,1,1.882670879,0.238265038,1.702552374,6.667084288,1,"{'range': '9.08652720980758', 'type': 'geometric::RRTConnect'}"
361,5875.975803,0.488684893,RRTConnectkConfigDefault,1,2.929109097,0.488684893,1.702560196,8.065814446,1,"{'range': '1.2463512481928227', 'type': 'geometric::RRTConnect'}"
362,5894.624031,0.450978041,RRTConnectkConfigDefault,1,2.89322114,0.450978041,1.702724935,8.172403606,1,"{'range': '4.411546232376694', 'type': 'geometric::RRTConnect'}"
363,5913.272259,0.344715118,RRTConnectkConfigDefault,1,3.812036991,0.344715118,1.702588323,7.099380705,1,"{'range': '8.74796657332065', 'type': 'geometric::RRTConnect'}"
364,5931.920487,0.612437963,RRTConnectkConfigDefault,1,3.131808996,0.612437963,1.702825402,8.188833757,1,"{'range': '4.52951187520424', 'type': 'geometric::RRTConnect'}"
365,5950.568715,0.321331024,RRTConnectkConfigDefault,1,3.613580942,0.321331024,1.70268639,7.151188005,1,"{'range': '13.634179813252134', 'type': 'geometric::RRTConnect'}"
366,5969.216943,0.449252129,RRTConnectkConfigDefault,1,2.802670956,0.449252129,1.70284003,7.756820957,1,"{'range': '13.44545056431299', 'type': 'geometric::RRTConnect'}"
367,5987.865171,0.49428606,RRTConnectkConfigDefault,1,2.833436012,0.49428606,1.702872541,7.577709971,1,"{'range': '14.339006746747803', 'type': 'geometric::RRTConnect'}"
368,6006.513399,0.170135021,RRTConnectkConfigDefault,1,4.07464385,0.170135021,1.702854647,9.579502063,1,"{'range': '9.084799952133963', 'type': 'geometric::RRTConnect'}"
369,6025.161628,0.488010883,RRTConnectkConfigDefault,1,2.548699141,0.488010883,1.702867113,8.454789183,1,"{'range': '6.914924520504277', 'type': 'geometric::RRTConnect'}"
370,6043.809856,0.639594078,RRTConnectkConfigDefault,1,3.622058153,0.639594078,1.702947688,7.535282384,1,"{'range': '5.975462714336275', 'type': 'geometric::RRTConnect'}"
371,6062.458084,0.254302025,RRTConnectkConfigDefault,1,3.574335098,0.254302025,1.702848311,7.309037793,1,"{'range': '8.164239980604863', 'type': 'geometric::RRTConnect'}"
372,6081.106312,0.435045958,RRTConnectkConfigDefault,1,3.414002895,0.435045958,1.702601176,7.096753622,1,"{'range': '5.149530253979233', 'type': 'geometric::RRTConnect'}"
373,6099.75454,0.539702892,RRTConnectkConfigDefault,1,4.189501047,0.539702892,1.702828578,8.080968657,1,"{'range': '2.7088269030206824', 'type': 'geometric::RRTConnect'}"
374,6118.402768,0.248749971,RRTConnectkConfigDefault,1,3.45490098,0.248749971,1.70286138,7.533744093,1,"{'range': '9.087242699615294', 'type': 'geometric::RRTConnect'}"
375,6137.050996,3,RRTConnectkConfigDefault,1,0.04775095,2.364938021,0,0,0,"{'range': '11.200722507345153', 'type': 'geometric::RRTConnect'}"
376,6155.699225,0.578511,RRTConnectkConfigDefault,1,4.502476931,0.578511,1.702913312,9.575240717,1,"{'range': '7.580976108278598', 'type': 'geometric::RRTConnect'}"
377,6174.347453,2.215810061,RRTConnectkConfigDefault,1,3.507727861,2.215810061,1.702673355,7.356728067,1,"{'range': '0.6595306331748053', 'type': 'geometric::RRTConnect'}"
378,6192.995681,0.224725962,RRTConnectkConfigDefault,1,3.894641161,0.224725962,1.703124356,6.995744411,1,"{'range': '4.36108429959193', 'type': 'geometric::RRTConnect'}"
379,6211.643909,3,RRTConnectkConfigDefault,1,0.00750494,3.014389038,0,0,0,"{'range': '0.571544226025923', 'type': 'geometric::RRTConnect'}"
380,6230.292137,3,RRTConnectkConfigDefault,1,0.003676891,0.841874123,0,0,0,"{'range': '12.071848471822133', 'type': 'geometric::RRTConnect'}"
381,6248.940365,0.30331111,RRTConnectkConfigDefault,1,2.712642908,0.30331111,1.703083194,7.733704662,1,"{'range': '12.060638051301757', 'type': 'geometric::RRTConnect'}"
382,6267.588593,0.314172029,RRTConnectkConfigDefault,1,4.419228077,0.314172029,1.702828977,8.250590686,1,"{'range': '7.674772039921844', 'type': 'geometric::RRTConnect'}"
383,6286.236821,0.223738909,RRTConnectkConfigDefault,1,4.772958994,0.223738909,1.702731065,7.720695182,1,"{'range': '4.412273758928841', 'type': 'geometric::RRTConnect'}"
384,6304.88505,1.29947114,RRTConnectkConfigDefault,1,5.419901848,1.29947114,1.702602781,7.759938257,1,"{'range': '9.14811748548164', 'type': 'geometric::RRTConnect'}"
385,6323.533278,0.70203805,RRTConnectkConfigDefault,1,5.455584049,0.70203805,1.702721671,8.130759312,1,"{'range': '14.912595056499761', 'type': 'geometric::RRTConnect'}"
386,6342.181506,0.801126003,RRTConnectkConfigDefault,1,6.046399117,0.801126003,1.702813201,7.56244929,1,"{'range': '5.311235203752793', 'type': 'geometric::RRTConnect'}"
387,6360.829734,0.90178299,RRTConnectkConfigDefault,1,8.238047838,0.90178299,1.703083717,8.737928239,1,"{'range': '9.087247407738845', 'type': 'geometric::RRTConnect'}"
388,6379.477962,0.594124794,RRTConnectkConfigDefault,1,3.530201197,0.594124794,1.702976087,8.407096817,1,"{'range': '4.372874471414365', 'type': 'geometric::RRTConnect'}"
389,6398.12619,0.251288176,RRTConnectkConfigDefault,1,2.443641186,0.251288176,1.702818556,6.765435774,1,"{'range': '4.379793300795198', 'type': 'geometric::RRTConnect'}"
390,6416.774418,0.511558056,RRTConnectkConfigDefault,1,4.359451056,0.511558056,1.702987508,6.794004942,1,"{'range': '4.412507816650663', 'type': 'geometric::RRTConnect'}"
391,6435.422647,1.375528097,RRTConnectkConfigDefault,1,3.28128314,1.375528097,1.703104127,7.777918672,1,"{'range': '14.290143526151333', 'type': 'geometric::RRTConnect'}"
392,6454.070875,0.237018108,RRTConnectkConfigDefault,1,4.440154076,0.237018108,1.702821108,7.294236157,1,"{'range': '12.078169406996873', 'type': 'geometric::RRTConnect'}"
393,6472.719103,0.544433117,RRTConnectkConfigDefault,1,3.184483051,0.544433117,1.702896322,6.910787674,1,"{'range': '12.086191513241335', 'type': 'geometric::RRTConnect'}"
394,6491.367331,0.273694992,RRTConnectkConfigDefault,1,2.784419775,0.273694992,1.703035996,6.862838732,1,"{'range': '11.584133120440459', 'type': 'geometric::RRTConnect'}"
395,6510.015559,0.297322989,RRTConnectkConfigDefault,1,3.879677057,0.297322989,1.702764909,8.251251596,1,"{'range': '10.794030358490463', 'type': 'geometric::RRTConnect'}"
396,6528.663787,0.806132793,RRTConnectkConfigDefault,1,2.408468962,0.806132793,1.702701679,7.853428587,1,"{'range': '4.412994283267451', 'type': 'geometric::RRTConnect'}"
397,6547.312015,0.421766996,RRTConnectkConfigDefault,1,3.023282051,0.421766996,1.702779932,7.172622899,1,"{'range': '4.415220499807981', 'type': 'geometric::RRTConnect'}"
398,6565.960243,0.448004007,RRTConnectkConfigDefault,1,4.632865191,0.448004007,1.702763057,7.674220698,1,"{'range': '14.665030463942466', 'type': 'geometric::RRTConnect'}"
399,6584.608472,0.575393915,RRTConnectkConfigDefault,1,2.75052309,0.575393915,1.702715479,7.584945883,1,"{'range': '9.085717573235467', 'type': 'geometric::RRTConnect'}"
400,6603.2567,1.341210127,RRTConnectkConfigDefault,1,2.926287889,1.341210127,1.70284136,7.089996784,1,"{'range': '12.05013134108016', 'type': 'geometric::RRTConnect'}"
401,6621.904928,1.022659063,RRTConnectkConfigDefault,1,3.156322956,1.022659063,1.702731727,7.640898038,1,"{'range': '12.05053298243188', 'type': 'geometric::RRTConnect'}"
402,6640.553156,3,RRTConnectkConfigDefault,1,0.072281837,0.059360981,0.000257482,0.000262662,0,"{'range': '11.06780188928278', 'type': 'geometric::RRTConnect'}"
403,6659.201384,0.270806074,RRTConnectkConfigDefault,1,2.947765827,0.270806074,1.702948786,7.643861034,1,"{'range': '4.076355496410836', 'type': 'geometric::RRTConnect'}"
404,6677.849612,0.36283803,RRTConnectkConfigDefault,1,3.545608997,0.36283803,1.703098383,9.21279189,1,"{'range': '10.808896659721203', 'type': 'geometric::RRTConnect'}"
405,6696.49784,0.361548185,RRTConnectkConfigDefault,1,3.036754847,0.361548185,1.703065937,8.115388283,1,"{'range': '10.795453084671344', 'type': 'geometric::RRTConnect'}"
406,6715.146069,0.552448034,RRTConnectkConfigDefault,1,3.295219898,0.552448034,1.702810691,7.75093589,1,"{'range': '9.086566185090245', 'type': 'geometric::RRTConnect'}"
407,6733.794297,0.357251883,RRTConnectkConfigDefault,1,2.676867008,0.357251883,1.702862395,7.328410549,1,"{'range': '1.5273013659549326', 'type': 'geometric::RRTConnect'}"
408,6752.442525,0.321755171,RRTConnectkConfigDefault,1,3.572834015,0.321755171,1.702982873,9.136912549,1,"{'range': '4.411652919866972', 'type': 'geometric::RRTConnect'}"
409,6771.090753,1.039652824,RRTConnectkConfigDefault,1,3.900868893,1.039652824,1.702907328,7.862350197,1,"{'range': '0.8439534580857634', 'type': 'geometric::RRTConnect'}"
410,6789.738981,0.518018007,RRTConnectkConfigDefault,1,3.301306009,0.518018007,1.702737458,8.034341665,1,"{'range': '10.394316681957793', 'type': 'geometric::RRTConnect'}"
411,6808.387209,0.334350824,RRTConnectkConfigDefault,1,2.219560862,0.334350824,1.703147322,6.633202524,1,"{'range': '9.133254753018559', 'type': 'geometric::RRTConnect'}"
412,6827.035437,0.2367239,RRTConnectkConfigDefault,1,4.245123863,0.2367239,1.702799857,8.110577062,1,"{'range': '13.26914036522864', 'type': 'geometric::RRTConnect'}"
413,6845.683665,0.557525873,RRTConnectkConfigDefault,1,3.336387873,0.557525873,1.702812049,8.063721388,1,"{'range': '2.1912266477256304', 'type': 'geometric::RRTConnect'}"
414,6864.331894,0.41568017,RRTConnectkConfigDefault,1,2.656049013,0.41568017,1.702921111,7.670334409,1,"{'range': '7.600801669228713', 'type': 'geometric::RRTConnect'}"
415,6882.980122,1.585704088,RRTConnectkConfigDefault,1,3.044128895,1.585704088,1.702829848,7.223340576,1,"{'range': '13.642763538711666', 'type': 'geometric::RRTConnect'}"
416,6901.62835,0.271070004,RRTConnectkConfigDefault,1,2.541571856,0.271070004,1.702883086,7.983907151,1,"{'range': '5.821434656824601', 'type': 'geometric::RRTConnect'}"
417,6920.276578,0.359386921,RRTConnectkConfigDefault,1,3.221370935,0.359386921,1.702888947,7.753561097,1,"{'range': '11.031029147932353', 'type': 'geometric::RRTConnect'}"
418,6938.924806,3,RRTConnectkConfigDefault,1,0.009083986,0.624670982,0,0,0,"{'range': '8.590886561613521', 'type': 'geometric::RRTConnect'}"
419,6957.573034,3,RRTConnectkConfigDefault,1,0.03443718,3.25374794,0,0,0,"{'range': '0.6379184450614132', 'type': 'geometric::RRTConnect'}"
420,6976.221262,0.156567097,RRTConnectkConfigDefault,1,2.284018993,0.156567097,1.702878766,6.602137612,1,"{'range': '6.585221623194526', 'type': 'geometric::RRTConnect'}"
421,6994.869491,0.325865984,RRTConnectkConfigDefault,1,4.56005311,0.325865984,1.70288001,9.253118784,1,"{'range': '9.155412185440282', 'type': 'geometric::RRTConnect'}"
422,7013.517719,1.163815022,RRTConnectkConfigDefault,1,3.697148085,1.163815022,1.702701755,8.683447321,1,"{'range': '0.910932170414976', 'type': 'geometric::RRTConnect'}"
423,7032.165947,0.291032076,RRTConnectkConfigDefault,1,4.749886036,0.291032076,1.702791494,8.917332765,1,"{'range': '7.038122456397964', 'type': 'geometric::RRTConnect'}"
424,7050.814175,0.692329168,RRTConnectkConfigDefault,1,2.390165091,0.692329168,1.702558002,7.491275053,1,"{'range': '11.127669700003596', 'type': 'geometric::RRTConnect'}"
425,7069.462403,0.404722214,RRTConnectkConfigDefault,1,3.095132828,0.404722214,1.702912077,8.56618028,1,"{'range': '8.815024596954427', 'type': 'geometric::RRTConnect'}"
426,7088.110631,0.364725828,RRTConnectkConfigDefault,1,3.686995983,0.364725828,1.702919077,8.859625216,1,"{'range': '9.13044297660737', 'type': 'geometric::RRTConnect'}"
427,7106.758859,0.382652044,RRTConnectkConfigDefault,1,3.330528021,0.382652044,1.702873342,7.190529681,1,"{'range': '14.543421049104541', 'type': 'geometric::RRTConnect'}"
428,7125.407087,0.678632975,RRTConnectkConfigDefault,1,2.659964085,0.678632975,1.703092636,6.723581305,1,"{'range': '7.617667427228032', 'type': 'geometric::RRTConnect'}"
429,7144.055316,0.337952137,RRTConnectkConfigDefault,1,3.25150013,0.337952137,1.702805759,7.41651911,1,"{'range': '7.615038674594921', 'type': 'geometric::RRTConnect'}"
430,7162.703544,3,RRTConnectkConfigDefault,1,0.016628027,0.932713985,0,0,0,"{'range': '7.513824655374678', 'type': 'geometric::RRTConnect'}"
431,7181.351772,0.369651079,RRTConnectkConfigDefault,1,3.345528841,0.369651079,1.702655275,7.599714045,1,"{'range': '10.808928621953877', 'type': 'geometric::RRTConnect'}"
432,7200,0.256529808,RRTConnectkConfigDefault,1,2.872736931,0.256529808,1.702669624,7.732109663,1,"{'range': '7.2079512648702195', 'type': 'geometric::RRTConnect'}"
