,elapsed_time,loss,planner,avg_runs,t_avg_run_time,t_avg_plan_time,t_avg_dist,t_avg_path_length,t_avg_success,params
0,4.873849868774414,0.16300296783447266,RRTConnectkConfigDefault,1,2.4808638095855717,0.16300296783447266,1.7028161026613122,9.542883336530187,1.0,"{'range': 8.933384811552775, 'type': 'geometric::RRTConnect'}"
1,10.97224497795105,0.3465569019317627,RRTConnectkConfigDefault,1,2.2750418186187744,0.3465569019317627,1.7027907671734293,7.772356937451748,1.0,"{'range': 12.883389702579079, 'type': 'geometric::RRTConnect'}"
2,15.381049871444702,0.1655430793762207,RRTConnectkConfigDefault,1,1.7106719017028809,0.1655430793762207,1.7028100437870723,7.337579192256053,1.0,"{'range': 9.391099082110989, 'type': 'geometric::RRTConnect'}"
3,20.03548693656921,0.10544109344482422,RRTConnectkConfigDefault,1,2.095213890075684,0.10544109344482422,1.7027417182058788,9.24699683159912,1.0,"{'range': 4.5332656375126374, 'type': 'geometric::RRTConnect'}"
4,25.406125783920288,0.23187494277954104,RRTConnectkConfigDefault,1,2.5884718894958496,0.23187494277954104,1.7026269868031827,6.722906012877813,1.0,"{'range': 4.162578789243687, 'type': 'geometric::RRTConnect'}"
5,33.077307939529426,0.5401802062988281,RRTConnectkConfigDefault,1,3.289431095123291,0.5401802062988281,1.7025940846978933,9.460557490125133,1.0,"{'range': 12.201314058754852, 'type': 'geometric::RRTConnect'}"
6,40.386491775512695,0.3942351341247559,RRTConnectkConfigDefault,1,2.7869181632995605,0.3942351341247559,1.702952526774333,8.421855534957986,1.0,"{'range': 5.952493461902364, 'type': 'geometric::RRTConnect'}"
7,44.38680291175842,3.0,RRTConnectkConfigDefault,1,0.0,0.0,0.0,0.0,0.0,"{'range': 5.127202790217299, 'type': 'geometric::RRTConnect'}"
8,47.45614981651306,0.2568979263305664,RRTConnectkConfigDefault,1,2.3284289836883545,0.2568979263305664,1.7026760826780951,8.017969432891466,1.0,"{'range': 5.586798943624165, 'type': 'geometric::RRTConnect'}"
9,54.38812279701233,0.24420690536499026,RRTConnectkConfigDefault,1,2.7565598487854004,0.24420690536499026,1.7027132888139875,8.188197915875401,1.0,"{'range': 2.191226628148413, 'type': 'geometric::RRTConnect'}"
10,61.824885845184326,0.408966064453125,RRTConnectkConfigDefault,1,2.51868200302124,0.408966064453125,1.702663304303439,6.98341194287371,1.0,"{'range': 4.512324538953058, 'type': 'geometric::RRTConnect'}"
11,71.02003884315491,0.23430705070495605,RRTConnectkConfigDefault,1,2.6588408946990967,0.23430705070495605,1.7028031064835336,7.916155713903693,1.0,"{'range': 9.161959156197154, 'type': 'geometric::RRTConnect'}"
12,79.63435077667236,0.2767717838287353,RRTConnectkConfigDefault,1,2.6178908348083496,0.2767717838287353,1.702630410491355,8.535715156769752,1.0,"{'range': 15.0, 'type': 'geometric::RRTConnect'}"
13,87.46798777580261,0.21153593063354487,RRTConnectkConfigDefault,1,2.6575069427490234,0.21153593063354487,1.7025214968762132,7.623383148699049,1.0,"{'range': 15.0, 'type': 'geometric::RRTConnect'}"
14,98.2183609008789,0.2149031162261963,RRTConnectkConfigDefault,1,2.452561855316162,0.2149031162261963,1.7029818417978615,7.444297431668102,1.0,"{'range': 4.69508179772934, 'type': 'geometric::RRTConnect'}"
15,107.81994891166687,0.4472630023956299,RRTConnectkConfigDefault,1,2.485646963119507,0.4472630023956299,1.7026639827882188,7.199214017742249,1.0,"{'range': 8.687911198897305, 'type': 'geometric::RRTConnect'}"
16,117.26413798332214,0.5214858055114746,RRTConnectkConfigDefault,1,2.4334890842437744,0.5214858055114746,1.7029309923793954,6.994537658769662,1.0,"{'range': 4.61424476309047, 'type': 'geometric::RRTConnect'}"
17,126.31659889221191,0.8428459167480469,RRTConnectkConfigDefault,1,2.875327110290528,0.8428459167480469,1.7028589505466836,7.101005333388202,1.0,"{'range': 9.6599517138345, 'type': 'geometric::RRTConnect'}"
18,136.6339089870453,0.34510302543640137,RRTConnectkConfigDefault,1,2.8185338973999023,0.34510302543640137,1.7027823549603909,8.337812356093796,1.0,"{'range': 15.0, 'type': 'geometric::RRTConnect'}"
19,144.78338980674744,0.3596649169921875,RRTConnectkConfigDefault,1,2.844825029373169,0.3596649169921875,1.7027110809625956,8.194000292154168,1.0,"{'range': 15.0, 'type': 'geometric::RRTConnect'}"
20,155.41152095794678,0.4217550754547119,RRTConnectkConfigDefault,1,2.629045009613037,0.4217550754547119,1.702808934644051,7.964263979394293,1.0,"{'range': 9.31678327605286, 'type': 'geometric::RRTConnect'}"
21,159.30652093887332,3.0,RRTConnectkConfigDefault,1,0.0,0.0,0.0,0.0,0.0,"{'range': 3.945471448444565, 'type': 'geometric::RRTConnect'}"
22,169.01534080505368,0.4265570640563965,RRTConnectkConfigDefault,1,3.1758370399475098,0.4265570640563965,1.7029769451065409,8.896839596706837,1.0,"{'range': 13.850019077082317, 'type': 'geometric::RRTConnect'}"
23,172.66920185089108,3.0,RRTConnectkConfigDefault,1,0.0,0.0,0.0,0.0,0.0,"{'range': 13.754420059429863, 'type': 'geometric::RRTConnect'}"
24,178.47546195983887,3.0,RRTConnectkConfigDefault,1,0.0,0.0,0.0,0.0,0.0,"{'range': 0.10142729489062043, 'type': 'geometric::RRTConnect'}"
25,189.49677181243896,0.33272409439086914,RRTConnectkConfigDefault,1,2.475360870361328,0.33272409439086914,1.7027770515498888,8.465071294799763,1.0,"{'range': 14.018907204315648, 'type': 'geometric::RRTConnect'}"
26,197.5419538021088,0.19258999824523929,RRTConnectkConfigDefault,1,2.093621015548706,0.19258999824523929,1.7028593422486566,7.1138632718280235,1.0,"{'range': 1.9293990738870885, 'type': 'geometric::RRTConnect'}"
27,208.7658429145813,0.3317160606384277,RRTConnectkConfigDefault,1,2.693273067474365,0.3317160606384277,1.7027262450438756,8.288454388031743,1.0,"{'range': 1.664002700620956, 'type': 'geometric::RRTConnect'}"
28,218.1118848323822,0.28458499908447266,RRTConnectkConfigDefault,1,2.523144006729126,0.28458499908447266,1.7029655462401545,7.3775466247134975,1.0,"{'range': 14.724005168333921, 'type': 'geometric::RRTConnect'}"
29,227.38669896125796,0.1663801670074463,RRTConnectkConfigDefault,1,2.516906976699829,0.1663801670074463,1.702929136875573,7.790590858327204,1.0,"{'range': 2.4705996555654632, 'type': 'geometric::RRTConnect'}"
30,238.99645400047302,0.40306901931762695,RRTConnectkConfigDefault,1,2.518091917037964,0.40306901931762695,1.702690639175424,7.939682245072143,1.0,"{'range': 2.7299495638313647, 'type': 'geometric::RRTConnect'}"
31,252.4491879940033,0.3416259288787842,RRTConnectkConfigDefault,1,4.28119707107544,0.3416259288787842,1.7030581248154213,8.651977800815057,1.0,"{'range': 12.587786148342337, 'type': 'geometric::RRTConnect'}"
32,266.041316986084,0.5675458908081055,RRTConnectkConfigDefault,1,2.1026360988616943,0.5675458908081055,1.702816590140764,6.749421882214662,1.0,"{'range': 1.3550628514166618, 'type': 'geometric::RRTConnect'}"
33,271.6563417911529,3.0,RRTConnectkConfigDefault,1,0.0,0.0,0.0,0.0,0.0,"{'range': 13.922608610792636, 'type': 'geometric::RRTConnect'}"
34,278.41347289085394,3.0,RRTConnectkConfigDefault,1,0.0,0.0,0.0,0.0,0.0,"{'range': 0.10166189301158972, 'type': 'geometric::RRTConnect'}"
35,286.25258994102484,3.0,RRTConnectkConfigDefault,1,0.0,0.0,0.0,0.0,0.0,"{'range': 9.051904834814906, 'type': 'geometric::RRTConnect'}"
36,301.2370359897613,0.7895388603210449,RRTConnectkConfigDefault,1,3.723546981811523,0.7895388603210449,1.7029333542794198,7.301470625927387,1.0,"{'range': 14.882850253746883, 'type': 'geometric::RRTConnect'}"
37,320.984876871109,0.31511402130126953,RRTConnectkConfigDefault,1,2.753007173538208,0.31511402130126953,1.7028538421007022,7.663687319628707,1.0,"{'range': 2.3377761720945514, 'type': 'geometric::RRTConnect'}"
38,326.58593583106995,3.0,RRTConnectkConfigDefault,1,0.0,0.0,0.0,0.0,0.0,"{'range': 2.4116806851729935, 'type': 'geometric::RRTConnect'}"
39,337.4454867839813,0.131026029586792,RRTConnectkConfigDefault,1,2.37551498413086,0.131026029586792,1.7028916828941767,6.862734336380291,1.0,"{'range': 4.416083554660363, 'type': 'geometric::RRTConnect'}"
40,346.1917598247528,0.1596388816833496,RRTConnectkConfigDefault,1,2.4057419300079346,0.1596388816833496,1.7029135775518798,7.135959916672782,1.0,"{'range': 14.999396490016755, 'type': 'geometric::RRTConnect'}"
41,356.0693368911743,0.4641120433807373,RRTConnectkConfigDefault,1,2.6863689422607417,0.4641120433807373,1.702789536165768,6.8536572714713415,1.0,"{'range': 4.35198548089471, 'type': 'geometric::RRTConnect'}"
42,368.0112619400024,0.5078999996185303,RRTConnectkConfigDefault,1,2.8152220249176025,0.5078999996185303,1.7031357815625603,7.5974980485382275,1.0,"{'range': 2.0420508271714373, 'type': 'geometric::RRTConnect'}"
43,379.7477807998657,0.58278489112854,RRTConnectkConfigDefault,1,3.350527048110962,0.58278489112854,1.7031757298526649,9.078296757698617,1.0,"{'range': 14.997282111739686, 'type': 'geometric::RRTConnect'}"
44,390.66014885902405,0.2068929672241211,RRTConnectkConfigDefault,1,2.3960862159729004,0.2068929672241211,1.7029643044388678,7.28759741381657,1.0,"{'range': 4.465279419563144, 'type': 'geometric::RRTConnect'}"
45,402.0428898334503,0.38204097747802734,RRTConnectkConfigDefault,1,3.223430156707764,0.38204097747802734,1.703047426516107,8.77834759403737,1.0,"{'range': 1.8194498599157036, 'type': 'geometric::RRTConnect'}"
46,406.44309997558594,3.0,RRTConnectkConfigDefault,1,0.0,0.0,0.0,0.0,0.0,"{'range': 5.751636134939803, 'type': 'geometric::RRTConnect'}"
47,418.0614109039306,0.19118881225585935,RRTConnectkConfigDefault,1,2.720203161239624,0.19118881225585935,1.7028096720352253,7.351225397077641,1.0,"{'range': 4.437077196226941, 'type': 'geometric::RRTConnect'}"
48,428.5205569267273,0.3166370391845703,RRTConnectkConfigDefault,1,2.7376320362091064,0.3166370391845703,1.7024721381789878,7.131750645074027,1.0,"{'range': 4.314782022231788, 'type': 'geometric::RRTConnect'}"
49,441.02722096443176,0.5218400955200195,RRTConnectkConfigDefault,1,4.263141870498656,0.5218400955200195,1.7027125445335654,9.738895670284418,1.0,"{'range': 4.457462290850442, 'type': 'geometric::RRTConnect'}"
50,448.3122208118439,3.0,RRTConnectkConfigDefault,1,0.0,0.0,0.0,0.0,0.0,"{'range': 14.999272451969999, 'type': 'geometric::RRTConnect'}"
51,454.97703981399536,0.6197588443756104,RRTConnectkConfigDefault,1,2.353281021118164,0.6197588443756104,1.7027984610201756,6.6914700429194465,1.0,"{'range': 14.999288759258363, 'type': 'geometric::RRTConnect'}"
52,467.30852580070496,0.7672510147094727,RRTConnectkConfigDefault,1,3.153448820114136,0.7672510147094727,1.7028802854966698,8.748283393186213,1.0,"{'range': 14.999709235191993, 'type': 'geometric::RRTConnect'}"
53,474.830020904541,0.20061802864074707,RRTConnectkConfigDefault,1,2.277796983718872,0.20061802864074707,1.7028201603863335,9.288689678851751,1.0,"{'range': 14.997235005945496, 'type': 'geometric::RRTConnect'}"
54,483.401095867157,0.15126991271972656,RRTConnectkConfigDefault,1,2.423190116882324,0.15126991271972656,1.7029118557434804,8.025431110384003,1.0,"{'range': 14.999927090433824, 'type': 'geometric::RRTConnect'}"
55,486.8254849910736,3.0,RRTConnectkConfigDefault,1,0.0,0.0,0.0,0.0,0.0,"{'range': 14.997612049555958, 'type': 'geometric::RRTConnect'}"
56,493.6037998199463,3.0,RRTConnectkConfigDefault,1,0.0,0.0,0.0,0.0,0.0,"{'range': 0.1011112810386739, 'type': 'geometric::RRTConnect'}"
57,507.2325828075409,0.9305031299591064,RRTConnectkConfigDefault,1,3.715939998626709,0.9305031299591064,1.7028150183706583,8.024915991981203,1.0,"{'range': 14.997378398312613, 'type': 'geometric::RRTConnect'}"
58,516.0824608802794,3.0,RRTConnectkConfigDefault,1,0.0,0.0,0.0,0.0,0.0,"{'range': 0.10002119234214105, 'type': 'geometric::RRTConnect'}"
59,529.3896918296814,0.3816659450531006,RRTConnectkConfigDefault,1,3.840332984924317,0.3816659450531006,1.703115364189071,8.819824689162482,1.0,"{'range': 12.7346412895919, 'type': 'geometric::RRTConnect'}"
60,543.945506811142,1.0820081233978271,RRTConnectkConfigDefault,1,4.128592014312743,1.0820081233978271,1.7027313382897853,8.580702813124123,1.0,"{'range': 4.416911659463641, 'type': 'geometric::RRTConnect'}"
61,556.1404738426208,0.178056001663208,RRTConnectkConfigDefault,1,3.1440699100494385,0.178056001663208,1.7029599262554689,7.109319686343277,1.0,"{'range': 12.434453345740021, 'type': 'geometric::RRTConnect'}"
62,571.4489009380342,0.36289310455322266,RRTConnectkConfigDefault,1,3.1315948963165283,0.36289310455322266,1.7026931808770107,7.857383381405223,1.0,"{'range': 4.568240307968297, 'type': 'geometric::RRTConnect'}"
63,582.7968487739562,0.2429771423339844,RRTConnectkConfigDefault,1,3.39034104347229,0.2429771423339844,1.7030545642010977,9.147887520015246,1.0,"{'range': 12.497638832365606, 'type': 'geometric::RRTConnect'}"
64,594.4982409477234,0.1899740695953369,RRTConnectkConfigDefault,1,3.0897698402404785,0.1899740695953369,1.7029449651093924,7.5582881962745185,1.0,"{'range': 12.494445415553384, 'type': 'geometric::RRTConnect'}"
65,606.8948609828949,0.1629021167755127,RRTConnectkConfigDefault,1,2.906710147857666,0.1629021167755127,1.702915722964797,7.068648004118876,1.0,"{'range': 12.453325994071868, 'type': 'geometric::RRTConnect'}"
66,619.8037059307097,0.5794661045074463,RRTConnectkConfigDefault,1,2.577181816101074,0.5794661045074463,1.7029838483401327,7.606213922638616,1.0,"{'range': 12.502085106462012, 'type': 'geometric::RRTConnect'}"
67,631.0542759895325,0.8068571090698242,RRTConnectkConfigDefault,1,2.6999800205230717,0.8068571090698242,1.7029340480807813,7.568509933055652,1.0,"{'range': 12.39484536503519, 'type': 'geometric::RRTConnect'}"
68,643.0349199771881,0.2804851531982422,RRTConnectkConfigDefault,1,2.7952511310577397,0.2804851531982422,1.7027299940941285,8.091422725913826,1.0,"{'range': 12.604864384903703, 'type': 'geometric::RRTConnect'}"
69,654.2829229831697,0.5441770553588867,RRTConnectkConfigDefault,1,2.681536912918091,0.5441770553588867,1.7027939636199338,7.016102695652361,1.0,"{'range': 14.552710456917074, 'type': 'geometric::RRTConnect'}"
70,666.5395867824553,0.7128210067749023,RRTConnectkConfigDefault,1,2.55747389793396,0.7128210067749023,1.7031305173354838,6.934403076115041,1.0,"{'range': 12.617709486149641, 'type': 'geometric::RRTConnect'}"
71,678.2787008285522,0.2858209609985352,RRTConnectkConfigDefault,1,3.4404909610748287,0.2858209609985352,1.702981574227247,7.485528486678147,1.0,"{'range': 1.5353579500335275, 'type': 'geometric::RRTConnect'}"
72,684.94775390625,3.0,RRTConnectkConfigDefault,1,0.0,0.0,0.0,0.0,0.0,"{'range': 1.7500823696159598, 'type': 'geometric::RRTConnect'}"
73,696.4522988796234,0.18684005737304688,RRTConnectkConfigDefault,1,3.058497905731201,0.18684005737304688,1.7027707773802834,9.07349474888601,1.0,"{'range': 4.575618000098738, 'type': 'geometric::RRTConnect'}"
74,708.0915098190308,0.3697268962860107,RRTConnectkConfigDefault,1,2.72432804107666,0.3697268962860107,1.7029488598583578,6.709148311120599,1.0,"{'range': 4.581245104839245, 'type': 'geometric::RRTConnect'}"
75,718.7373697757721,0.3202250003814697,RRTConnectkConfigDefault,1,2.7113161087036133,0.3202250003814697,1.7028552074229362,8.136419464471816,1.0,"{'range': 4.646595566748267, 'type': 'geometric::RRTConnect'}"
76,730.6855938434601,0.283876895904541,RRTConnectkConfigDefault,1,2.7517309188842773,0.283876895904541,1.7030171588743608,6.704042079487381,1.0,"{'range': 4.5465253957863645, 'type': 'geometric::RRTConnect'}"
77,740.1107189655304,0.6644480228424072,RRTConnectkConfigDefault,1,1.96294903755188,0.6644480228424072,1.7030752487529042,7.172780919386251,1.0,"{'range': 9.421113625753819, 'type': 'geometric::RRTConnect'}"
78,749.5667088031769,0.14265704154968262,RRTConnectkConfigDefault,1,2.3476219177246094,0.14265704154968262,1.7027485136807092,7.543319141713001,1.0,"{'range': 13.02791949496868, 'type': 'geometric::RRTConnect'}"
79,758.3941738605499,0.18041586875915527,RRTConnectkConfigDefault,1,2.1371660232543945,0.18041586875915527,1.702796232795707,8.675456560859367,1.0,"{'range': 13.114013309775912, 'type': 'geometric::RRTConnect'}"
80,770.1789379119873,0.29570698738098145,RRTConnectkConfigDefault,1,3.25257420539856,0.29570698738098145,1.7031749430546124,8.65873116281409,1.0,"{'range': 13.01522068964968, 'type': 'geometric::RRTConnect'}"
81,781.1947708129883,0.5269670486450195,RRTConnectkConfigDefault,1,3.1752169132232666,0.5269670486450195,1.7029225027337132,8.529943046278857,1.0,"{'range': 13.04301530578461, 'type': 'geometric::RRTConnect'}"
82,792.1019728183746,0.484565019607544,RRTConnectkConfigDefault,1,2.635812997817993,0.484565019607544,1.7028295228660149,8.490420913034798,1.0,"{'range': 12.945817462968192, 'type': 'geometric::RRTConnect'}"
83,803.3519098758698,0.3752779960632324,RRTConnectkConfigDefault,1,3.1573760509490967,0.3752779960632324,1.7030428996126723,6.9575638973657155,1.0,"{'range': 13.138256478396363, 'type': 'geometric::RRTConnect'}"
84,814.8492929935455,0.6204628944396973,RRTConnectkConfigDefault,1,3.188872098922729,0.6204628944396973,1.7027926036135688,9.076231988345548,1.0,"{'range': 13.167188109365862, 'type': 'geometric::RRTConnect'}"
85,826.1288068294525,0.3368148803710937,RRTConnectkConfigDefault,1,3.2332150936126713,0.3368148803710937,1.7028142037396774,9.335199578362783,1.0,"{'range': 2.108235971832442, 'type': 'geometric::RRTConnect'}"
86,834.7069749832152,0.40377116203308105,RRTConnectkConfigDefault,1,1.8934769630432131,0.40377116203308105,1.7029465698568955,8.01140538766824,1.0,"{'range': 12.82473832341708, 'type': 'geometric::RRTConnect'}"
87,848.361624956131,0.2175760269165039,RRTConnectkConfigDefault,1,3.0084259510040283,0.2175760269165039,1.7026815462904432,7.836940035680678,1.0,"{'range': 4.689638811606553, 'type': 'geometric::RRTConnect'}"
88,858.7308738231659,0.9649591445922852,RRTConnectkConfigDefault,1,2.4598121643066406,0.9649591445922852,1.7030519200566467,7.0724599666139625,1.0,"{'range': 4.6988187057950785, 'type': 'geometric::RRTConnect'}"
89,870.410856962204,0.3437728881835937,RRTConnectkConfigDefault,1,2.7783420085906982,0.3437728881835937,1.7027078957355593,7.474543573972141,1.0,"{'range': 2.1119980270075946, 'type': 'geometric::RRTConnect'}"
90,884.5521128177643,0.682919979095459,RRTConnectkConfigDefault,1,3.13415002822876,0.682919979095459,1.7028313660501522,8.41378330295726,1.0,"{'range': 2.0193547737697917, 'type': 'geometric::RRTConnect'}"
91,896.8784029483795,0.4115159511566162,RRTConnectkConfigDefault,1,2.9208850860595703,0.4115159511566162,1.7029991657309282,8.492836848226242,1.0,"{'range': 12.97498979979972, 'type': 'geometric::RRTConnect'}"
92,909.699304819107,0.2603909969329834,RRTConnectkConfigDefault,1,3.652568101882935,0.2603909969329834,1.7027876788353884,8.370229299832049,1.0,"{'range': 4.257752794278294, 'type': 'geometric::RRTConnect'}"
93,921.956316947937,0.164870023727417,RRTConnectkConfigDefault,1,2.1893630027771,0.164870023727417,1.7029374334829932,7.6132686873339965,1.0,"{'range': 4.256918733857255, 'type': 'geometric::RRTConnect'}"
94,934.1813848018646,0.3192079067230225,RRTConnectkConfigDefault,1,2.537949085235596,0.3192079067230225,1.7028306768802222,8.680011307905046,1.0,"{'range': 4.255683440623145, 'type': 'geometric::RRTConnect'}"
95,945.7509438991548,0.22765088081359866,RRTConnectkConfigDefault,1,3.17626690864563,0.22765088081359866,1.7029182693981668,7.63241909171987,1.0,"{'range': 4.253988565160575, 'type': 'geometric::RRTConnect'}"
96,957.911052942276,0.3960111141204834,RRTConnectkConfigDefault,1,2.816236019134521,0.3960111141204834,1.7029846892554068,8.866952956981654,1.0,"{'range': 4.250880410552699, 'type': 'geometric::RRTConnect'}"
97,969.0672059059143,0.2620439529418945,RRTConnectkConfigDefault,1,2.7303640842437744,0.2620439529418945,1.7028065398585954,9.175061163098178,1.0,"{'range': 8.786178325140016, 'type': 'geometric::RRTConnect'}"
98,980.1894328594208,0.3967900276184082,RRTConnectkConfigDefault,1,2.574039936065674,0.3967900276184082,1.7028893773033902,7.9712229536732355,1.0,"{'range': 8.786737907586993, 'type': 'geometric::RRTConnect'}"
99,992.018539905548,0.7304670810699463,RRTConnectkConfigDefault,1,2.733160972595215,0.7304670810699463,1.7027661077551124,7.552961176007191,1.0,"{'range': 1.47034269002866, 'type': 'geometric::RRTConnect'}"
100,1003.6615238189696,0.2763328552246094,RRTConnectkConfigDefault,1,3.2705049514770512,0.2763328552246094,1.7030615767613124,9.858024382617408,1.0,"{'range': 6.127528945882948, 'type': 'geometric::RRTConnect'}"
101,1014.4160537719728,0.26891303062438965,RRTConnectkConfigDefault,1,1.9494729042053225,0.26891303062438965,1.702914627470827,7.6327544171892905,1.0,"{'range': 6.201043922043642, 'type': 'geometric::RRTConnect'}"
102,1024.7910978794098,0.1355290412902832,RRTConnectkConfigDefault,1,2.276534080505371,0.1355290412902832,1.7027345183441225,8.302214034069046,1.0,"{'range': 6.106460967345373, 'type': 'geometric::RRTConnect'}"
103,1037.9856708049774,0.1567521095275879,RRTConnectkConfigDefault,1,2.153439998626709,0.1567521095275879,1.7030955824778389,7.191645658295879,1.0,"{'range': 6.105255379612672, 'type': 'geometric::RRTConnect'}"
104,1050.3509798049927,0.2206408977508545,RRTConnectkConfigDefault,1,2.8392422199249268,0.2206408977508545,1.7029793599490113,7.520002315585171,1.0,"{'range': 6.103330318564483, 'type': 'geometric::RRTConnect'}"
105,1063.668732881546,0.4734489917755127,RRTConnectkConfigDefault,1,2.815577983856201,0.4734489917755127,1.7027525256756053,7.128581151146613,1.0,"{'range': 6.148200132951756, 'type': 'geometric::RRTConnect'}"
106,1076.3739168643954,0.4572529792785645,RRTConnectkConfigDefault,1,2.2051870822906494,0.4572529792785645,1.7030924250787969,6.847012068993716,1.0,"{'range': 6.068473737068326, 'type': 'geometric::RRTConnect'}"
107,1089.1069037914276,0.3534698486328125,RRTConnectkConfigDefault,1,2.5727999210357666,0.3534698486328125,1.7027795190152348,7.186646932032183,1.0,"{'range': 6.253215929530165, 'type': 'geometric::RRTConnect'}"
108,1102.0145418643954,0.31003785133361816,RRTConnectkConfigDefault,1,2.940683126449585,0.31003785133361816,1.702978269328841,8.407730422724018,1.0,"{'range': 6.183553071468305, 'type': 'geometric::RRTConnect'}"
109,1112.8806200027466,0.1896400451660156,RRTConnectkConfigDefault,1,2.4701199531555176,0.1896400451660156,1.7029486797651228,7.938721067991468,1.0,"{'range': 6.347050619684029, 'type': 'geometric::RRTConnect'}"
110,1125.316999912262,0.35048604011535645,RRTConnectkConfigDefault,1,2.29545521736145,0.35048604011535645,1.7030142031300295,7.258880358063228,1.0,"{'range': 6.3641941955124395, 'type': 'geometric::RRTConnect'}"
111,1142.265192985535,0.5784409046173096,RRTConnectkConfigDefault,1,5.406927824020387,0.5784409046173096,1.7026750016105432,13.294214418721127,1.0,"{'range': 6.280083450748696, 'type': 'geometric::RRTConnect'}"
112,1155.0047779083252,0.203902006149292,RRTConnectkConfigDefault,1,2.9843430519104004,0.203902006149292,1.7029366801871308,7.206764136053477,1.0,"{'range': 6.471437882867571, 'type': 'geometric::RRTConnect'}"
113,1169.3680939674375,0.6418261528015137,RRTConnectkConfigDefault,1,2.8563358783721924,0.6418261528015137,1.7028626872043189,6.876964598075111,1.0,"{'range': 6.474002950078219, 'type': 'geometric::RRTConnect'}"
114,1181.0656008720398,0.2697489261627197,RRTConnectkConfigDefault,1,2.677743911743164,0.2697489261627197,1.7028664813008898,7.463864602217151,1.0,"{'range': 2.883593884214787, 'type': 'geometric::RRTConnect'}"
115,1192.6486330032346,0.2444131374359131,RRTConnectkConfigDefault,1,2.197389841079712,0.2444131374359131,1.7029237207361958,6.8983109596883265,1.0,"{'range': 2.970743687944903, 'type': 'geometric::RRTConnect'}"
116,1205.1299409866333,0.19958710670471191,RRTConnectkConfigDefault,1,2.6389451026916504,0.19958710670471191,1.7029364267513687,7.949420788182294,1.0,"{'range': 2.8691016199694706, 'type': 'geometric::RRTConnect'}"
117,1217.3016138076782,0.17810392379760742,RRTConnectkConfigDefault,1,2.3177590370178223,0.17810392379760742,1.7028527161551623,8.242585180773478,1.0,"{'range': 2.9317675770283307, 'type': 'geometric::RRTConnect'}"
118,1229.8784809112547,0.1961958408355713,RRTConnectkConfigDefault,1,2.3575398921966557,0.1961958408355713,1.7026283063958019,7.966790460393463,1.0,"{'range': 2.8634686537332077, 'type': 'geometric::RRTConnect'}"
119,1242.6611449718475,0.22209501266479487,RRTConnectkConfigDefault,1,2.480353832244873,0.22209501266479487,1.7028953266977294,6.5897608993551104,1.0,"{'range': 2.940543108038915, 'type': 'geometric::RRTConnect'}"
120,1255.2793319225314,0.3159499168395996,RRTConnectkConfigDefault,1,1.954429149627685,0.3159499168395996,1.702941408865806,7.043677267757543,1.0,"{'range': 2.852425469435296, 'type': 'geometric::RRTConnect'}"
121,1270.3843598365786,0.47297787666320795,RRTConnectkConfigDefault,1,3.27853798866272,0.47297787666320795,1.7031076397862972,8.677191161652019,1.0,"{'range': 3.003216833664152, 'type': 'geometric::RRTConnect'}"
122,1285.4410769939425,0.3778729438781738,RRTConnectkConfigDefault,1,3.2804169654846187,0.3778729438781738,1.7028510097103398,7.277799479048638,1.0,"{'range': 2.8288324445208994, 'type': 'geometric::RRTConnect'}"
123,1299.0572187900545,0.4019119739532471,RRTConnectkConfigDefault,1,1.493626832962036,0.4019119739532471,1.7029474876511197,6.592839262244148,1.0,"{'range': 2.913157594095382, 'type': 'geometric::RRTConnect'}"
124,1312.9192888736725,0.16803407669067386,RRTConnectkConfigDefault,1,2.411792039871216,0.16803407669067386,1.702827875946232,6.655233609704124,1.0,"{'range': 14.240284681684226, 'type': 'geometric::RRTConnect'}"
125,1327.1411337852478,0.4404020309448242,RRTConnectkConfigDefault,1,2.936681032180786,0.4404020309448242,1.7028101504544078,8.689543298950706,1.0,"{'range': 14.274004855896647, 'type': 'geometric::RRTConnect'}"
126,1339.0159819126131,0.4561731815338135,RRTConnectkConfigDefault,1,2.0596480369567867,0.4561731815338135,1.7028287402030802,7.701355793201108,1.0,"{'range': 14.181299474420356, 'type': 'geometric::RRTConnect'}"
127,1354.4097919464114,0.4306809902191162,RRTConnectkConfigDefault,1,2.546687126159668,0.4306809902191162,1.7028919129179896,7.6891023141745105,1.0,"{'range': 14.3704467146482, 'type': 'geometric::RRTConnect'}"
128,1369.1096839904785,0.6643300056457521,RRTConnectkConfigDefault,1,3.120774984359741,0.6643300056457521,1.7026747674543932,8.774470713314182,1.0,"{'range': 3.139349138727373, 'type': 'geometric::RRTConnect'}"
129,1386.0212497711182,0.3063790798187256,RRTConnectkConfigDefault,1,3.272490978240967,0.3063790798187256,1.7030328856909485,7.973236387275316,1.0,"{'range': 6.664696115010641, 'type': 'geometric::RRTConnect'}"
130,1400.4933347702026,0.2882359027862549,RRTConnectkConfigDefault,1,2.942002058029175,0.2882359027862549,1.7027847195427053,7.9082779761786295,1.0,"{'range': 6.78457117759413, 'type': 'geometric::RRTConnect'}"
131,1412.000480890274,0.23397111892700195,RRTConnectkConfigDefault,1,1.7810990810394287,0.23397111892700195,1.702820674354146,8.512609626559566,1.0,"{'range': 6.880032686562153, 'type': 'geometric::RRTConnect'}"
132,1423.276653766632,0.2280709743499756,RRTConnectkConfigDefault,1,2.0447549819946294,0.2280709743499756,1.7027188048324275,7.692077437548461,1.0,"{'range': 6.810545079766493, 'type': 'geometric::RRTConnect'}"
133,1437.3428738117218,0.30095601081848145,RRTConnectkConfigDefault,1,2.438828945159912,0.30095601081848145,1.7030886509759315,7.640004271643541,1.0,"{'range': 6.927985608970716, 'type': 'geometric::RRTConnect'}"
134,1451.4925999641418,0.4896788597106934,RRTConnectkConfigDefault,1,2.9330239295959477,0.4896788597106934,1.7028552257222171,8.246722024934856,1.0,"{'range': 6.751569744633421, 'type': 'geometric::RRTConnect'}"
135,1459.7866158485413,3.0,RRTConnectkConfigDefault,1,0.0,0.0,0.0,0.0,0.0,"{'range': 7.004965549502262, 'type': 'geometric::RRTConnect'}"
136,1475.1026439666748,0.3873999118804932,RRTConnectkConfigDefault,1,2.459487199783325,0.3873999118804932,1.702816646507498,6.836687499807973,1.0,"{'range': 6.609616345426105, 'type': 'geometric::RRTConnect'}"
137,1491.5830488204956,0.29378700256347656,RRTConnectkConfigDefault,1,3.346099138259888,0.29378700256347656,1.7027565499631143,8.82229177150597,1.0,"{'range': 8.516927577449701, 'type': 'geometric::RRTConnect'}"
138,1505.497820854187,0.1499040126800537,RRTConnectkConfigDefault,1,2.645388126373291,0.1499040126800537,1.7027225902086884,7.8181732551365215,1.0,"{'range': 8.40215219240168, 'type': 'geometric::RRTConnect'}"
139,1515.3899250030518,3.0,RRTConnectkConfigDefault,1,0.0,0.0,0.0,0.0,0.0,"{'range': 8.40022314403514, 'type': 'geometric::RRTConnect'}"
140,1531.9144909381866,0.4355020523071289,RRTConnectkConfigDefault,1,3.60840106010437,0.4355020523071289,1.7028267539653932,10.72714629097295,1.0,"{'range': 6.725645239407372, 'type': 'geometric::RRTConnect'}"
141,1546.5566778182986,0.3586399555206299,RRTConnectkConfigDefault,1,2.895414113998413,0.3586399555206299,1.7029206620804969,9.212849855821414,1.0,"{'range': 2.7989563399774524, 'type': 'geometric::RRTConnect'}"
142,1563.6212809085846,0.3670778274536133,RRTConnectkConfigDefault,1,3.1286799907684326,0.3670778274536133,1.7028923955319135,9.090977198789892,1.0,"{'range': 11.939730680592664, 'type': 'geometric::RRTConnect'}"
143,1582.7709159851074,0.19733309745788571,RRTConnectkConfigDefault,1,3.0875160694122314,0.19733309745788571,1.7030396381519508,8.889803490648976,1.0,"{'range': 11.790964011238193, 'type': 'geometric::RRTConnect'}"
144,1600.36336684227,0.586259126663208,RRTConnectkConfigDefault,1,3.6486289501190186,0.586259126663208,1.7030509208733275,9.010145660420259,1.0,"{'range': 11.741009217906141, 'type': 'geometric::RRTConnect'}"
145,1617.5421957969666,0.3284919261932373,RRTConnectkConfigDefault,1,3.168064832687378,0.3284919261932373,1.7028099576755402,8.222048669825464,1.0,"{'range': 11.87191044265492, 'type': 'geometric::RRTConnect'}"
146,1634.2561450004578,0.3298568725585937,RRTConnectkConfigDefault,1,2.6559481620788574,0.3298568725585937,1.7027877257306214,8.72981403939931,1.0,"{'range': 12.020912489568747, 'type': 'geometric::RRTConnect'}"
147,1649.5892009735107,0.3936069011688232,RRTConnectkConfigDefault,1,2.847784996032715,0.3936069011688232,1.702980582781504,9.070282721149752,1.0,"{'range': 11.885279514644603, 'type': 'geometric::RRTConnect'}"
148,1665.7057619094849,0.8337109088897705,RRTConnectkConfigDefault,1,2.7190399169921875,0.8337109088897705,1.703160284937498,6.901563419572338,1.0,"{'range': 11.523103557739951, 'type': 'geometric::RRTConnect'}"
149,1681.5389688014984,0.4697978496551514,RRTConnectkConfigDefault,1,3.0367650985717773,0.4697978496551514,1.7030187035959288,8.535210747327294,1.0,"{'range': 12.054343916694815, 'type': 'geometric::RRTConnect'}"
150,1691.9067878723145,3.0,RRTConnectkConfigDefault,1,0.0,0.0,0.0,0.0,0.0,"{'range': 1.04602358805431, 'type': 'geometric::RRTConnect'}"
151,1707.030203819275,0.3725621700286865,RRTConnectkConfigDefault,1,2.0421009063720703,0.3725621700286865,1.7029816617879143,7.2305854482387195,1.0,"{'range': 8.655422619652715, 'type': 'geometric::RRTConnect'}"
152,1722.9115679264069,0.4101729393005371,RRTConnectkConfigDefault,1,2.935204029083252,0.4101729393005371,1.7028616533940495,6.782712839758156,1.0,"{'range': 10.593387434801015, 'type': 'geometric::RRTConnect'}"
153,1737.0214879512787,3.0,RRTConnectkConfigDefault,1,0.0,0.0,0.0,0.0,0.0,"{'range': 10.424042948479265, 'type': 'geometric::RRTConnect'}"
154,1752.7736148834229,0.6903691291809082,RRTConnectkConfigDefault,1,2.9463741779327397,0.6903691291809082,1.7028397566411368,8.489555995473642,1.0,"{'range': 10.772962537008683, 'type': 'geometric::RRTConnect'}"
155,1770.2817528247833,0.2348561286926269,RRTConnectkConfigDefault,1,3.0988149642944336,0.2348561286926269,1.702686550793114,7.731691607908437,1.0,"{'range': 6.063576364634852, 'type': 'geometric::RRTConnect'}"
156,1786.9905397891998,0.5177960395812988,RRTConnectkConfigDefault,1,1.9854249954223635,0.5177960395812988,1.702817911407147,7.852984587571652,1.0,"{'range': 14.66525974296031, 'type': 'geometric::RRTConnect'}"
157,1803.904634952545,0.288038969039917,RRTConnectkConfigDefault,1,2.791304111480713,0.288038969039917,1.7026319233349507,7.462458759717871,1.0,"{'range': 7.725468618842569, 'type': 'geometric::RRTConnect'}"
158,1821.761307001114,0.3226618766784668,RRTConnectkConfigDefault,1,2.104331016540528,0.3226618766784668,1.7028570608937892,6.904908886903418,1.0,"{'range': 7.831918142936123, 'type': 'geometric::RRTConnect'}"
159,1840.3340628147125,0.3622870445251465,RRTConnectkConfigDefault,1,3.165410041809082,0.3622870445251465,1.7027503407717957,7.367482472692509,1.0,"{'range': 7.640350133168634, 'type': 'geometric::RRTConnect'}"
160,1858.3614208698275,0.9722328186035156,RRTConnectkConfigDefault,1,2.725376844406128,0.9722328186035156,1.702872991506465,7.686776871392857,1.0,"{'range': 7.76540602433309, 'type': 'geometric::RRTConnect'}"
161,1876.6538469791406,0.3858568668365479,RRTConnectkConfigDefault,1,3.3037509918212886,0.3858568668365479,1.7030096424830394,10.022704520341351,1.0,"{'range': 7.523631085904729, 'type': 'geometric::RRTConnect'}"
162,1895.5436618328092,0.19425296783447266,RRTConnectkConfigDefault,1,3.437105894088745,0.19425296783447266,1.7027967401374762,8.585200205893946,1.0,"{'range': 7.973988627051853, 'type': 'geometric::RRTConnect'}"
163,1912.9958357810972,0.3369569778442383,RRTConnectkConfigDefault,1,2.2258570194244385,0.3369569778442383,1.7029632474713277,7.234692967070208,1.0,"{'range': 7.9747586337042735, 'type': 'geometric::RRTConnect'}"
164,1930.5502889156344,0.5237200260162354,RRTConnectkConfigDefault,1,2.908566951751709,0.5237200260162354,1.7029325850392132,8.92209409875407,1.0,"{'range': 8.034365128398013, 'type': 'geometric::RRTConnect'}"
165,1947.4837939739227,0.2507181167602539,RRTConnectkConfigDefault,1,2.8598029613494877,0.2507181167602539,1.7027974481690764,8.315395042607046,1.0,"{'range': 7.916879345825331, 'type': 'geometric::RRTConnect'}"
166,1966.6063227653506,0.2983109951019287,RRTConnectkConfigDefault,1,2.68652081489563,0.2983109951019287,1.7030231358260033,7.6412571495109916,1.0,"{'range': 7.916936521140183, 'type': 'geometric::RRTConnect'}"
167,1982.6197609901428,0.5155758857727051,RRTConnectkConfigDefault,1,2.978032112121582,0.5155758857727051,1.7031209418190454,8.277536596417388,1.0,"{'range': 11.105147436590938, 'type': 'geometric::RRTConnect'}"
168,1999.8908779621124,0.3791699409484863,RRTConnectkConfigDefault,1,2.4438180923461914,0.3791699409484863,1.7028695851207578,6.941583082992163,1.0,"{'range': 7.442199874242643, 'type': 'geometric::RRTConnect'}"
169,2018.321130990982,0.16370296478271484,RRTConnectkConfigDefault,1,3.086956024169922,0.16370296478271484,1.702967379124176,7.926985251103628,1.0,"{'range': 7.568796502569265, 'type': 'geometric::RRTConnect'}"
170,2038.552141904831,0.4474718570709229,RRTConnectkConfigDefault,1,2.794620990753174,0.4474718570709229,1.7030795883888858,7.617848810121749,1.0,"{'range': 7.5688555765802645, 'type': 'geometric::RRTConnect'}"
171,2057.0801849365234,0.29309582710266113,RRTConnectkConfigDefault,1,2.680677890777588,0.29309582710266113,1.702856770796968,8.322855411699972,1.0,"{'range': 3.4072805014200873, 'type': 'geometric::RRTConnect'}"
172,2074.613933801651,0.3056890964508057,RRTConnectkConfigDefault,1,1.782991886138916,0.3056890964508057,1.7028833552887783,7.051937989356805,1.0,"{'range': 3.4871996053741037, 'type': 'geometric::RRTConnect'}"
173,2092.9628307819366,0.4550371170043945,RRTConnectkConfigDefault,1,3.0896480083465576,0.4550371170043945,1.7029053504784608,8.515638385438656,1.0,"{'range': 3.349447974301948, 'type': 'geometric::RRTConnect'}"
174,2112.307227849961,0.3695809841156006,RRTConnectkConfigDefault,1,3.4398179054260254,0.3695809841156006,1.7028935271028491,7.077963100060253,1.0,"{'range': 3.520030793530977, 'type': 'geometric::RRTConnect'}"
175,2131.0663537979126,0.35677313804626465,RRTConnectkConfigDefault,1,2.896522045135498,0.35677313804626465,1.702948826788886,6.822258563372808,1.0,"{'range': 8.80425500182512, 'type': 'geometric::RRTConnect'}"
176,2149.8515169620514,0.3042259216308594,RRTConnectkConfigDefault,1,3.118687868118286,0.3042259216308594,1.7029467416020336,8.552365290904412,1.0,"{'range': 11.264131470899521, 'type': 'geometric::RRTConnect'}"
177,2167.8679637908936,0.3023791313171387,RRTConnectkConfigDefault,1,3.1258270740509038,0.3023791313171387,1.7031539728037253,8.338479255107716,1.0,"{'range': 11.309557172557685, 'type': 'geometric::RRTConnect'}"
178,2186.0884177684784,0.564284086227417,RRTConnectkConfigDefault,1,2.6398251056671143,0.564284086227417,1.7032380298604366,8.115860571084927,1.0,"{'range': 3.390553418654136, 'type': 'geometric::RRTConnect'}"
179,2202.0156009197235,0.25655102729797363,RRTConnectkConfigDefault,1,2.4615020751953125,0.25655102729797363,1.702918150888132,8.863299161164624,1.0,"{'range': 12.089816890923107, 'type': 'geometric::RRTConnect'}"
180,2218.3912329673767,0.4854190349578858,RRTConnectkConfigDefault,1,2.663022041320801,0.4854190349578858,1.7029773753291517,9.028625138122596,1.0,"{'range': 11.217521574086067, 'type': 'geometric::RRTConnect'}"
181,2237.7964878082275,0.5327830314636229,RRTConnectkConfigDefault,1,3.098079204559326,0.5327830314636229,1.7028153163775133,8.49538298039254,1.0,"{'range': 12.096760980330233, 'type': 'geometric::RRTConnect'}"
182,2255.1786568164825,0.5706448554992676,RRTConnectkConfigDefault,1,2.987589836120605,0.5706448554992676,1.7029833716812115,8.599083597925674,1.0,"{'range': 3.3855922933272464, 'type': 'geometric::RRTConnect'}"
183,2272.668101787567,0.2492232322692871,RRTConnectkConfigDefault,1,2.697312831878662,0.2492232322692871,1.7030912777013414,7.028216399732634,1.0,"{'range': 12.09535459674788, 'type': 'geometric::RRTConnect'}"
184,2289.0730729103093,0.16420722007751465,RRTConnectkConfigDefault,1,1.947761058807373,0.16420722007751465,1.7029731065985725,6.7531127070930745,1.0,"{'range': 12.098703279370616, 'type': 'geometric::RRTConnect'}"
185,2306.1203389167786,0.34276700019836426,RRTConnectkConfigDefault,1,2.3845038414001465,0.34276700019836426,1.7032613720304308,6.812655363912687,1.0,"{'range': 12.103965285289826, 'type': 'geometric::RRTConnect'}"
186,2324.169746875763,0.5354728698730469,RRTConnectkConfigDefault,1,2.4354279041290283,0.5354728698730469,1.7029999435321113,7.241895481760885,1.0,"{'range': 12.105322045724668, 'type': 'geometric::RRTConnect'}"
187,2343.863599777221,0.3382809162139893,RRTConnectkConfigDefault,1,2.545586109161377,0.3382809162139893,1.7030432344977862,6.880839384291329,1.0,"{'range': 3.3954127807614602, 'type': 'geometric::RRTConnect'}"
188,2363.817531824112,0.2376561164855957,RRTConnectkConfigDefault,1,2.1868369579315186,0.2376561164855957,1.7031011550343576,7.095238466644307,1.0,"{'range': 5.481224277622895, 'type': 'geometric::RRTConnect'}"
189,2381.254287958145,0.5638110637664795,RRTConnectkConfigDefault,1,2.455020904541016,0.5638110637664795,1.7027348899945989,7.355005638556388,1.0,"{'range': 3.3619971626603915, 'type': 'geometric::RRTConnect'}"
190,2399.4979729652405,0.10683202743530272,RRTConnectkConfigDefault,1,2.5041098594665527,0.10683202743530272,1.702915289260327,7.059830778224115,1.0,"{'range': 12.076789741636686, 'type': 'geometric::RRTConnect'}"
191,2418.4338719844823,0.10973310470581056,RRTConnectkConfigDefault,1,2.4230380058288574,0.10973310470581056,1.7030190834794965,7.302331583503157,1.0,"{'range': 5.482200896988447, 'type': 'geometric::RRTConnect'}"
192,2437.234368801117,0.3171520233154297,RRTConnectkConfigDefault,1,2.775424003601074,0.3171520233154297,1.7026866714410236,8.203008884551428,1.0,"{'range': 12.06598360802158, 'type': 'geometric::RRTConnect'}"
193,2447.9903259277344,3.0,RRTConnectkConfigDefault,1,0.0,0.0,0.0,0.0,0.0,"{'range': 12.068029829869289, 'type': 'geometric::RRTConnect'}"
194,2465.366622924805,3.0,RRTConnectkConfigDefault,1,0.0,0.0,0.0,0.0,0.0,"{'range': 3.363596000496736, 'type': 'geometric::RRTConnect'}"
195,2483.03236079216,0.2344229221343994,RRTConnectkConfigDefault,1,3.269096851348877,0.2344229221343994,1.7030172797709136,8.566471213081632,1.0,"{'range': 7.221037699515829, 'type': 'geometric::RRTConnect'}"
196,2499.421640872956,3.0,RRTConnectkConfigDefault,1,0.0,0.0,0.0,0.0,0.0,"{'range': 7.221343402063341, 'type': 'geometric::RRTConnect'}"
197,2514.7592108249664,0.2433791160583496,RRTConnectkConfigDefault,1,2.586629867553711,0.2433791160583496,1.7027204013221318,6.611514714828774,1.0,"{'range': 5.430207398118403, 'type': 'geometric::RRTConnect'}"
198,2539.157879829407,0.2585759162902832,RRTConnectkConfigDefault,1,2.6163349151611333,0.2585759162902832,1.7028158250797611,7.116008070574909,1.0,"{'range': 5.431954708457833, 'type': 'geometric::RRTConnect'}"
199,2565.269282817841,0.6555061340332031,RRTConnectkConfigDefault,1,5.75785493850708,0.6555061340332031,1.70294756939846,14.41292716492258,1.0,"{'range': 5.43300395344905, 'type': 'geometric::RRTConnect'}"
200,2583.429140806198,0.5569560527801514,RRTConnectkConfigDefault,1,1.842315912246704,0.5569560527801514,1.7028588583296704,6.760412972409867,1.0,"{'range': 5.433287180645049, 'type': 'geometric::RRTConnect'}"
201,2601.732118844986,0.482017993927002,RRTConnectkConfigDefault,1,2.707721948623657,0.482017993927002,1.7029181007246486,7.599292790336213,1.0,"{'range': 11.485653518892386, 'type': 'geometric::RRTConnect'}"
202,2622.802176952362,0.24481892585754395,RRTConnectkConfigDefault,1,2.8425679206848145,0.24481892585754395,1.7028751940208713,7.652916655575633,1.0,"{'range': 5.434459071883778, 'type': 'geometric::RRTConnect'}"
203,2643.4250829219823,0.4292421340942383,RRTConnectkConfigDefault,1,3.2850780487060547,0.4292421340942383,1.7031573970069251,7.138860916832943,1.0,"{'range': 5.435445883092202, 'type': 'geometric::RRTConnect'}"
204,2664.9133958816533,0.4549491405487061,RRTConnectkConfigDefault,1,2.990793943405152,0.4549491405487061,1.703137696499439,6.6909138228743315,1.0,"{'range': 11.464307329201446, 'type': 'geometric::RRTConnect'}"
205,2684.397249937057,0.28772497177124023,RRTConnectkConfigDefault,1,2.6209909915924072,0.28772497177124023,1.7029262291512497,8.899149038241742,1.0,"{'range': 12.599770331413582, 'type': 'geometric::RRTConnect'}"
206,2701.066202878952,0.16529512405395508,RRTConnectkConfigDefault,1,2.075090885162353,0.16529512405395508,1.703050532429322,7.338201919967656,1.0,"{'range': 12.591316822254393, 'type': 'geometric::RRTConnect'}"
207,2717.4136369228368,3.0,RRTConnectkConfigDefault,1,0.0,0.0,0.0,0.0,0.0,"{'range': 12.578382929237282, 'type': 'geometric::RRTConnect'}"
208,2737.1468768119807,0.4688720703125,RRTConnectkConfigDefault,1,1.774496078491211,0.4688720703125,1.7029511471626424,6.724410792358616,1.0,"{'range': 3.5386087970163067, 'type': 'geometric::RRTConnect'}"
209,2756.4586918354034,0.4535679817199707,RRTConnectkConfigDefault,1,2.887892961502075,0.4535679817199707,1.7030606656725895,9.136753154798193,1.0,"{'range': 10.876240656047655, 'type': 'geometric::RRTConnect'}"
210,2777.6792089939117,0.30512499809265137,RRTConnectkConfigDefault,1,2.9424538612365723,0.30512499809265137,1.7026494827712109,8.94339623129229,1.0,"{'range': 3.552413945052489, 'type': 'geometric::RRTConnect'}"
211,2794.251514911652,3.0,RRTConnectkConfigDefault,1,0.0,0.0,0.0,0.0,0.0,"{'range': 3.5575801962751967, 'type': 'geometric::RRTConnect'}"
212,2813.4891169071198,0.2280428409576416,RRTConnectkConfigDefault,1,2.480679035186768,0.2280428409576416,1.702991656491646,6.9758585685281265,1.0,"{'range': 5.498588843331014, 'type': 'geometric::RRTConnect'}"
213,2834.33238697052,0.16620779037475586,RRTConnectkConfigDefault,1,2.6148090362548833,0.16620779037475586,1.7029797963134403,7.1114773655818215,1.0,"{'range': 5.499879950247336, 'type': 'geometric::RRTConnect'}"
214,2855.7057600021362,0.5418660640716553,RRTConnectkConfigDefault,1,2.3213329315185547,0.5418660640716553,1.7030129504375595,6.8918344976898,1.0,"{'range': 5.500030579829183, 'type': 'geometric::RRTConnect'}"
215,2876.7257809638977,0.28319692611694336,RRTConnectkConfigDefault,1,3.0292210578918457,0.28319692611694336,1.7028902707162243,8.253715401475064,1.0,"{'range': 5.50103490649997, 'type': 'geometric::RRTConnect'}"
216,2899.210995912552,0.2652130126953125,RRTConnectkConfigDefault,1,2.205732822418213,0.2652130126953125,1.7027637832227365,6.776647572727192,1.0,"{'range': 5.50028592643573, 'type': 'geometric::RRTConnect'}"
217,2923.5818338394165,0.2773261070251465,RRTConnectkConfigDefault,1,2.6724698543548584,0.2773261070251465,1.7032171311956703,6.723888382617671,1.0,"{'range': 5.4985079584688705, 'type': 'geometric::RRTConnect'}"
218,2944.662296772003,0.6795861721038818,RRTConnectkConfigDefault,1,2.7753820419311523,0.6795861721038818,1.7028611835652954,7.240291697540476,1.0,"{'range': 5.495697502913969, 'type': 'geometric::RRTConnect'}"
219,2965.658721923828,3.0,RRTConnectkConfigDefault,1,0.0,0.0,0.0,0.0,0.0,"{'range': 5.507750149193231, 'type': 'geometric::RRTConnect'}"
220,2981.9123289585114,0.4530999660491944,RRTConnectkConfigDefault,1,2.06109881401062,0.4530999660491944,1.7028063516842118,8.051450971529036,1.0,"{'range': 11.04203179471888, 'type': 'geometric::RRTConnect'}"
221,3003.479591846466,0.5721621513366699,RRTConnectkConfigDefault,1,3.0514087677001958,0.5721621513366699,1.7029015612824483,9.05593469783533,1.0,"{'range': 10.97637352765773, 'type': 'geometric::RRTConnect'}"
222,3026.384921789169,0.4347410202026367,RRTConnectkConfigDefault,1,2.1794650554656982,0.4347410202026367,1.7031645224989544,7.004334959735122,1.0,"{'range': 10.442431569217439, 'type': 'geometric::RRTConnect'}"
223,3046.599193811417,0.2606210708618164,RRTConnectkConfigDefault,1,2.47834587097168,0.2606210708618164,1.7028750303173823,6.766137849283467,1.0,"{'range': 10.945817141347757, 'type': 'geometric::RRTConnect'}"
224,3074.124713897705,1.3706529140472412,RRTConnectkConfigDefault,1,5.651106834411621,1.3706529140472412,1.7029399830340577,13.62117014728271,1.0,"{'range': 10.500246755783943, 'type': 'geometric::RRTConnect'}"
225,3097.5658509731293,0.3313310146331787,RRTConnectkConfigDefault,1,3.019439220428467,0.3313310146331787,1.7028912545660335,8.463207125585104,1.0,"{'range': 11.523913928021365, 'type': 'geometric::RRTConnect'}"
226,3118.871149778366,0.5990321636199951,RRTConnectkConfigDefault,1,2.553222179412842,0.5990321636199951,1.702980020009109,7.127160357351736,1.0,"{'range': 11.531163159631976, 'type': 'geometric::RRTConnect'}"
227,3141.4347398281097,0.27220702171325684,RRTConnectkConfigDefault,1,3.1347870826721187,0.27220702171325684,1.7029292420640183,7.983102858638063,1.0,"{'range': 7.097505088755894, 'type': 'geometric::RRTConnect'}"
228,3163.8252968788147,0.30582404136657715,RRTConnectkConfigDefault,1,2.523878812789917,0.30582404136657715,1.703002414598818,6.799105537496724,1.0,"{'range': 7.111270451776594, 'type': 'geometric::RRTConnect'}"
229,3185.184584856033,0.4656329154968262,RRTConnectkConfigDefault,1,2.571742057800293,0.4656329154968262,1.702868917950519,7.4463211891708365,1.0,"{'range': 7.123087373374112, 'type': 'geometric::RRTConnect'}"
230,3207.238327980041,0.3046998977661133,RRTConnectkConfigDefault,1,2.437556028366089,0.3046998977661133,1.7027999577187731,7.004118795357593,1.0,"{'range': 7.4546910256580885, 'type': 'geometric::RRTConnect'}"
231,3229.397489786148,0.3934199810028076,RRTConnectkConfigDefault,1,2.2588329315185547,0.3934199810028076,1.7031300317059932,8.600384956823405,1.0,"{'range': 6.870593489299292, 'type': 'geometric::RRTConnect'}"
232,3251.939428806305,0.18721413612365725,RRTConnectkConfigDefault,1,3.0257260799407963,0.18721413612365725,1.7505403446292893,8.212471679171191,1.0,"{'range': 7.651775284425052, 'type': 'geometric::RRTConnect'}"
233,3276.571001768112,0.2379870414733887,RRTConnectkConfigDefault,1,2.641097068786621,0.2379870414733887,1.7027044766864865,7.329319973264978,1.0,"{'range': 7.660153443696644, 'type': 'geometric::RRTConnect'}"
234,3296.6208329200745,0.16593289375305176,RRTConnectkConfigDefault,1,2.1107320785522456,0.16593289375305176,1.7027303688666648,7.299614204859267,1.0,"{'range': 7.675499917102959, 'type': 'geometric::RRTConnect'}"
235,3317.8994908332825,0.5161650180816649,RRTConnectkConfigDefault,1,3.0949900150299072,0.5161650180816649,1.702841655878797,9.106823188462752,1.0,"{'range': 7.700550049251331, 'type': 'geometric::RRTConnect'}"
236,3341.3651988506317,0.5614638328552246,RRTConnectkConfigDefault,1,2.3107759952545166,0.5614638328552246,1.7025752945223946,8.014437251278773,1.0,"{'range': 6.877147496041929, 'type': 'geometric::RRTConnect'}"
237,3361.222395896912,0.19187092781066892,RRTConnectkConfigDefault,1,2.3090600967407227,0.19187092781066892,1.702786741222614,6.990257822984493,1.0,"{'range': 7.910798960231727, 'type': 'geometric::RRTConnect'}"
238,3381.5654878616333,0.22919297218322754,RRTConnectkConfigDefault,1,2.7736530303955083,0.22919297218322754,1.7028787326993782,7.861945585943192,1.0,"{'range': 7.925510721744528, 'type': 'geometric::RRTConnect'}"
239,3405.991661787033,0.1975030899047852,RRTConnectkConfigDefault,1,2.895128011703491,0.1975030899047852,1.7028576960770458,8.83085427771429,1.0,"{'range': 7.940829833163258, 'type': 'geometric::RRTConnect'}"
240,3430.295158863068,0.2776589393615723,RRTConnectkConfigDefault,1,2.9889371395111084,0.2776589393615723,1.7025951425033141,7.981476388170383,1.0,"{'range': 7.959017754733296, 'type': 'geometric::RRTConnect'}"
241,3451.823819875717,3.0,RRTConnectkConfigDefault,1,0.0,0.0,0.0,0.0,0.0,"{'range': 7.974928254299067, 'type': 'geometric::RRTConnect'}"
242,3472.288207769394,0.2697460651397705,RRTConnectkConfigDefault,1,2.6950080394744877,0.2697460651397705,1.7027516545065984,6.611637626149733,1.0,"{'range': 11.455958392857214, 'type': 'geometric::RRTConnect'}"
243,3499.0402507781982,0.6121189594268799,RRTConnectkConfigDefault,1,3.1155848503112797,0.6121189594268799,1.7028622561345892,7.506353488058472,1.0,"{'range': 11.468258899292138, 'type': 'geometric::RRTConnect'}"
244,3521.9336519241333,0.3815228939056397,RRTConnectkConfigDefault,1,3.7447259426116943,0.3815228939056397,1.7029908308197466,9.203217570562613,1.0,"{'range': 6.58285325523737, 'type': 'geometric::RRTConnect'}"
245,3549.350117921829,0.6541080474853516,RRTConnectkConfigDefault,1,3.034860849380493,0.6541080474853516,1.7030644162970892,7.927202592399423,1.0,"{'range': 6.583227277576147, 'type': 'geometric::RRTConnect'}"
246,3572.0009088516235,0.3541300296783447,RRTConnectkConfigDefault,1,2.363439083099365,0.3541300296783447,1.7029192252546292,7.695297327688795,1.0,"{'range': 11.468859398459157, 'type': 'geometric::RRTConnect'}"
247,3596.5650539398193,0.23612093925476074,RRTConnectkConfigDefault,1,2.897694826126098,0.23612093925476074,1.7028117793284845,8.179068639266868,1.0,"{'range': 10.056004354952155, 'type': 'geometric::RRTConnect'}"
248,3617.849264860153,3.0,RRTConnectkConfigDefault,1,0.0,0.0,0.0,0.0,0.0,"{'range': 10.132069195728699, 'type': 'geometric::RRTConnect'}"
249,3643.664443969727,0.16602706909179688,RRTConnectkConfigDefault,1,2.213503122329712,0.16602706909179688,1.7029655911065518,7.3861803653340665,1.0,"{'range': 11.85852672867739, 'type': 'geometric::RRTConnect'}"
250,3665.127633810043,0.23759198188781736,RRTConnectkConfigDefault,1,2.601835012435913,0.23759198188781736,1.7029143045362638,9.525471342959884,1.0,"{'range': 11.850199754709106, 'type': 'geometric::RRTConnect'}"
251,3685.8102848529816,3.0,RRTConnectkConfigDefault,1,0.0,0.0,0.0,0.0,0.0,"{'range': 11.843278326946137, 'type': 'geometric::RRTConnect'}"
252,3711.7287979125977,0.3568451404571533,RRTConnectkConfigDefault,1,2.8933470249176025,0.3568451404571533,1.7030588049029953,7.746939261395224,1.0,"{'range': 6.601991186226795, 'type': 'geometric::RRTConnect'}"
253,3737.517524957657,0.4766910076141357,RRTConnectkConfigDefault,1,2.25834584236145,0.4766910076141357,1.7031116045212742,7.195692606881975,1.0,"{'range': 6.246741797228598, 'type': 'geometric::RRTConnect'}"
254,3764.246566772461,0.20476794242858887,RRTConnectkConfigDefault,1,3.277514934539795,0.20476794242858887,1.7030616240391643,8.080792227785716,1.0,"{'range': 6.667306287025905, 'type': 'geometric::RRTConnect'}"
255,3789.059391975403,0.15480303764343262,RRTConnectkConfigDefault,1,2.763430118560791,0.15480303764343262,1.7029310374672864,8.600852926391191,1.0,"{'range': 6.668421825205409, 'type': 'geometric::RRTConnect'}"
256,3811.881732940674,0.21362900733947754,RRTConnectkConfigDefault,1,2.911595106124878,0.21362900733947754,1.7031176747502823,8.92440333081159,1.0,"{'range': 6.668241586979205, 'type': 'geometric::RRTConnect'}"
257,3836.749447822571,0.2289059162139893,RRTConnectkConfigDefault,1,2.813521146774292,0.2289059162139893,1.702972211705888,6.514813508896379,1.0,"{'range': 6.668236726469856, 'type': 'geometric::RRTConnect'}"
258,3863.657398939133,0.42787289619445795,RRTConnectkConfigDefault,1,2.46560287475586,0.42787289619445795,1.7028496595982412,7.208354221978767,1.0,"{'range': 6.666948308163615, 'type': 'geometric::RRTConnect'}"
259,3887.911717891693,0.21187615394592285,RRTConnectkConfigDefault,1,2.708622932434082,0.21187615394592285,1.7030702719109956,8.241405341815893,1.0,"{'range': 6.668355427104224, 'type': 'geometric::RRTConnect'}"
260,3910.1183729171753,0.3990700244903565,RRTConnectkConfigDefault,1,2.8362250328063965,0.3990700244903565,1.7030081588910382,8.578884222324412,1.0,"{'range': 6.667353025074378, 'type': 'geometric::RRTConnect'}"
261,3935.723786830902,0.27927803993225103,RRTConnectkConfigDefault,1,3.2585391998291016,0.27927803993225103,1.7030535746002384,9.332428616302337,1.0,"{'range': 6.6675974241012534, 'type': 'geometric::RRTConnect'}"
262,3961.846335887909,0.3884811401367188,RRTConnectkConfigDefault,1,2.269563913345337,0.3884811401367188,1.7032925779185732,7.583481199768827,1.0,"{'range': 6.659823819730684, 'type': 'geometric::RRTConnect'}"
263,3988.034441947937,0.3581829071044922,RRTConnectkConfigDefault,1,2.5931470394134517,0.3581829071044922,1.703126975434596,7.2520071216776625,1.0,"{'range': 6.816697734183429, 'type': 'geometric::RRTConnect'}"
264,4015.635596990585,0.33599305152893066,RRTConnectkConfigDefault,1,3.330811023712158,0.33599305152893066,1.702972365241996,8.42214586368881,1.0,"{'range': 6.399228892979638, 'type': 'geometric::RRTConnect'}"
265,4042.493030786514,0.3561110496520996,RRTConnectkConfigDefault,1,2.4566240310668945,0.3561110496520996,1.7029756911723781,6.859668200662682,1.0,"{'range': 6.954541280426996, 'type': 'geometric::RRTConnect'}"
266,4071.794794797897,0.24510502815246585,RRTConnectkConfigDefault,1,3.329530000686645,0.24510502815246585,1.7030312610242493,8.179295432163038,1.0,"{'range': 6.340032239439097, 'type': 'geometric::RRTConnect'}"
267,4098.408069849014,0.15331196784973145,RRTConnectkConfigDefault,1,2.1322720050811768,0.15331196784973145,1.7030442242224588,7.131225683549653,1.0,"{'range': 6.337279737702468, 'type': 'geometric::RRTConnect'}"
268,4128.065475940703,0.3519580364227295,RRTConnectkConfigDefault,1,3.2004668712615967,0.3519580364227295,1.7029393494786278,7.867090552617224,1.0,"{'range': 6.334913615304871, 'type': 'geometric::RRTConnect'}"
269,4155.147201776505,0.2483048439025879,RRTConnectkConfigDefault,1,2.365506887435913,0.2483048439025879,1.7030476128878484,6.623413609616947,1.0,"{'range': 6.970927902409437, 'type': 'geometric::RRTConnect'}"
270,4180.2366659641275,3.0,RRTConnectkConfigDefault,1,0.0,0.0,0.0,0.0,0.0,"{'range': 6.973467986830896, 'type': 'geometric::RRTConnect'}"
271,4213.300814867021,0.2795259952545166,RRTConnectkConfigDefault,1,3.5936620235443115,0.2795259952545166,1.7029849132952672,9.048910474219591,1.0,"{'range': 2.8400429152366065, 'type': 'geometric::RRTConnect'}"
272,4244.877717971802,0.633695125579834,RRTConnectkConfigDefault,1,3.3991329669952397,0.633695125579834,1.7032415515194819,7.473703431677362,1.0,"{'range': 2.805850250053103, 'type': 'geometric::RRTConnect'}"
273,4270.597575902939,0.461698055267334,RRTConnectkConfigDefault,1,2.495177984237671,0.461698055267334,1.7032330327015617,7.317893096771258,1.0,"{'range': 5.882706846864379, 'type': 'geometric::RRTConnect'}"
274,4303.767075777054,0.4121549129486084,RRTConnectkConfigDefault,1,2.5630850791931152,0.4121549129486084,1.7030952780340538,8.374529977252987,1.0,"{'range': 13.196363928044613, 'type': 'geometric::RRTConnect'}"
275,4334.2062249183655,0.19643306732177732,RRTConnectkConfigDefault,1,2.95733904838562,0.19643306732177732,1.7029067983801254,6.77900045188268,1.0,"{'range': 13.199980005123795, 'type': 'geometric::RRTConnect'}"
276,4363.269112825395,0.4899342060089111,RRTConnectkConfigDefault,1,3.0374341011047363,0.4899342060089111,1.7028920396735048,7.7517945022072885,1.0,"{'range': 13.204774209197618, 'type': 'geometric::RRTConnect'}"
277,4390.561475992203,0.17310810089111328,RRTConnectkConfigDefault,1,2.7884387969970703,0.17310810089111328,1.7031000852192806,9.388146689803396,1.0,"{'range': 13.206868896758566, 'type': 'geometric::RRTConnect'}"
278,4418.325266838074,0.8589460849761963,RRTConnectkConfigDefault,1,3.621248006820679,0.8589460849761963,1.7029937253850838,9.1519785574695,1.0,"{'range': 13.21021469664217, 'type': 'geometric::RRTConnect'}"
279,4443.017651796341,0.4880499839782715,RRTConnectkConfigDefault,1,2.424926996231079,0.4880499839782715,1.7030465644274635,7.603092167026028,1.0,"{'range': 5.78087336304288, 'type': 'geometric::RRTConnect'}"
280,4468.054791927339,3.0,RRTConnectkConfigDefault,1,0.0,0.0,0.0,0.0,0.0,"{'range': 2.9285724746915367, 'type': 'geometric::RRTConnect'}"
281,4491.2038938999185,3.0,RRTConnectkConfigDefault,1,0.0,0.0,0.0,0.0,0.0,"{'range': 5.22604736444851, 'type': 'geometric::RRTConnect'}"
282,4522.960510969162,0.22168493270874026,RRTConnectkConfigDefault,1,2.465363025665283,0.22168493270874026,1.7033229944642816,7.5719868045049115,1.0,"{'range': 13.210504934829691, 'type': 'geometric::RRTConnect'}"
283,4551.1540298461905,0.2360820770263672,RRTConnectkConfigDefault,1,2.369518995285034,0.2360820770263672,1.7029947270854535,6.93818286818621,1.0,"{'range': 13.214225852417014, 'type': 'geometric::RRTConnect'}"
284,4582.123699903488,0.6163499355316162,RRTConnectkConfigDefault,1,2.943428039550781,0.6163499355316162,1.7029509305590018,8.60158011456249,1.0,"{'range': 13.21731279580071, 'type': 'geometric::RRTConnect'}"
285,4612.596916913986,0.43234920501708973,RRTConnectkConfigDefault,1,2.9245209693908687,0.43234920501708973,1.7030650424209126,7.779414385214835,1.0,"{'range': 13.217434804797517, 'type': 'geometric::RRTConnect'}"
286,4636.172710895537,3.0,RRTConnectkConfigDefault,1,0.0,0.0,0.0,0.0,0.0,"{'range': 13.221101501699104, 'type': 'geometric::RRTConnect'}"
287,4664.923213958739,0.3695578575134277,RRTConnectkConfigDefault,1,2.7934510707855225,0.3695578575134277,1.7030760175133217,8.124273909648139,1.0,"{'range': 7.390062914716891, 'type': 'geometric::RRTConnect'}"
288,4691.422993898392,0.14369797706604004,RRTConnectkConfigDefault,1,2.6828441619873047,0.14369797706604004,1.7031096804637216,8.102198349633568,1.0,"{'range': 7.3894132753995345, 'type': 'geometric::RRTConnect'}"
289,4719.613878965378,0.11108088493347168,RRTConnectkConfigDefault,1,1.6614410877227783,0.11108088493347168,1.7030491492840072,7.371339183800077,1.0,"{'range': 7.388808528362436, 'type': 'geometric::RRTConnect'}"
290,4751.193909883499,0.6440389156341553,RRTConnectkConfigDefault,1,3.162757873535156,0.6440389156341553,1.7030877750806004,7.9528182606951825,1.0,"{'range': 7.39054580275661, 'type': 'geometric::RRTConnect'}"
291,4779.945882797241,0.3300259113311768,RRTConnectkConfigDefault,1,1.851052045822144,0.3300259113311768,1.7029132863883685,8.239756347120192,1.0,"{'range': 8.187790516947748, 'type': 'geometric::RRTConnect'}"
292,4811.556248903274,0.344235897064209,RRTConnectkConfigDefault,1,2.734622001647949,0.344235897064209,1.7029291544901064,7.163334948957398,1.0,"{'range': 7.3861984716925, 'type': 'geometric::RRTConnect'}"
293,4845.3254919052115,0.31272315979003906,RRTConnectkConfigDefault,1,2.5393528938293457,0.31272315979003906,1.70310667245563,8.496986557486263,1.0,"{'range': 8.219410867973531, 'type': 'geometric::RRTConnect'}"
294,4875.4366488456735,0.32554078102111816,RRTConnectkConfigDefault,1,1.7591729164123535,0.32554078102111816,1.7028585773764615,6.8473947033090665,1.0,"{'range': 8.225351659715205, 'type': 'geometric::RRTConnect'}"
295,4902.754312992096,0.3296549320220947,RRTConnectkConfigDefault,1,1.8004498481750488,0.3296549320220947,1.702943871257104,7.290747141199986,1.0,"{'range': 7.4318050849153545, 'type': 'geometric::RRTConnect'}"
296,4938.475475788117,0.2386789321899414,RRTConnectkConfigDefault,1,3.2220680713653564,0.2386789321899414,1.703037845658678,7.244875657521655,1.0,"{'range': 8.256728673633429, 'type': 'geometric::RRTConnect'}"
297,4972.633445978166,1.1173698902130127,RRTConnectkConfigDefault,1,3.0704228878021236,1.1173698902130127,1.702914780839189,7.136040172457499,1.0,"{'range': 8.269894567699287, 'type': 'geometric::RRTConnect'}"
298,5000.748707771301,0.5193538665771484,RRTConnectkConfigDefault,1,3.2697551250457764,0.5193538665771484,1.7029766101187265,7.381741618732993,1.0,"{'range': 7.15119401535227, 'type': 'geometric::RRTConnect'}"
299,5038.718358993529,0.4249889850616455,RRTConnectkConfigDefault,1,2.625850915908813,0.4249889850616455,1.703116427323676,8.334229865192754,1.0,"{'range': 6.47066666272255, 'type': 'geometric::RRTConnect'}"
300,5069.752476930618,0.2511401176452637,RRTConnectkConfigDefault,1,2.2603988647460938,0.2511401176452637,1.7028716267835875,7.094825537489454,1.0,"{'range': 7.235546484808185, 'type': 'geometric::RRTConnect'}"
301,5102.108896970749,0.4828639030456543,RRTConnectkConfigDefault,1,2.4258348941802983,0.4828639030456543,1.7032263287810463,6.5265012074142605,1.0,"{'range': 7.233391820327884, 'type': 'geometric::RRTConnect'}"
302,5139.144231796266,0.3706481456756592,RRTConnectkConfigDefault,1,2.692422151565552,0.3706481456756592,1.7030492100035115,7.212324693022814,1.0,"{'range': 6.429467898883742, 'type': 'geometric::RRTConnect'}"
303,5171.052417993546,3.0,RRTConnectkConfigDefault,1,0.0,0.0,0.0,0.0,0.0,"{'range': 6.424212159173549, 'type': 'geometric::RRTConnect'}"
304,5201.152322769165,0.3816840648651123,RRTConnectkConfigDefault,1,3.031746864318848,0.3816840648651123,1.702972554630907,7.433452445082235,1.0,"{'range': 15.0, 'type': 'geometric::RRTConnect'}"
305,5237.451590776444,0.6683399677276611,RRTConnectkConfigDefault,1,2.217539072036743,0.6683399677276611,1.7032206683864484,6.766389254084754,1.0,"{'range': 15.0, 'type': 'geometric::RRTConnect'}"
306,5271.350034952164,0.3443131446838379,RRTConnectkConfigDefault,1,3.28243088722229,0.3443131446838379,1.7031492706486129,7.771474669432106,1.0,"{'range': 8.614361372873661, 'type': 'geometric::RRTConnect'}"
307,5307.498237848282,0.5472300052642822,RRTConnectkConfigDefault,1,3.5469739437103267,0.5472300052642822,1.703186166874311,8.760349091660505,1.0,"{'range': 8.610860954412827, 'type': 'geometric::RRTConnect'}"
308,5342.494209766388,0.15500807762145996,RRTConnectkConfigDefault,1,2.962080955505371,0.15500807762145996,1.7030523806281324,6.86964654704813,1.0,"{'range': 15.0, 'type': 'geometric::RRTConnect'}"
309,5373.198505878449,0.4050278663635254,RRTConnectkConfigDefault,1,2.620861053466797,0.4050278663635254,1.7032542242773283,8.084306765493013,1.0,"{'range': 15.0, 'type': 'geometric::RRTConnect'}"
310,5408.631652832031,0.2042241096496582,RRTConnectkConfigDefault,1,3.26688003540039,0.2042241096496582,1.7031055869809466,9.19298052165417,1.0,"{'range': 15.0, 'type': 'geometric::RRTConnect'}"
311,5444.532841920854,0.2314908504486084,RRTConnectkConfigDefault,1,2.544430017471313,0.2314908504486084,1.7030427073308194,8.88859646773953,1.0,"{'range': 15.0, 'type': 'geometric::RRTConnect'}"
312,5474.137760877609,0.3262779712677002,RRTConnectkConfigDefault,1,2.3303380012512207,0.3262779712677002,1.703078929213498,8.060014153313457,1.0,"{'range': 15.0, 'type': 'geometric::RRTConnect'}"
313,5508.927352905273,0.29293084144592285,RRTConnectkConfigDefault,1,2.5038561820983887,0.29293084144592285,1.7029470824413924,7.405908942729934,1.0,"{'range': 15.0, 'type': 'geometric::RRTConnect'}"
314,5546.292121887207,3.0,RRTConnectkConfigDefault,1,0.0,0.0,0.0,0.0,0.0,"{'range': 15.0, 'type': 'geometric::RRTConnect'}"
315,5574.85523891449,0.3745338916778565,RRTConnectkConfigDefault,1,1.9433951377868648,0.3745338916778565,1.7032275160445909,7.528255850842112,1.0,"{'range': 3.936484831342313, 'type': 'geometric::RRTConnect'}"
316,5603.9603719711295,1.0564990043640137,RRTConnectkConfigDefault,1,2.540455818176269,1.0564990043640137,1.7030166896433503,7.1792300876566575,1.0,"{'range': 8.947673354143712, 'type': 'geometric::RRTConnect'}"
317,5632.926787853241,0.39641785621643066,RRTConnectkConfigDefault,1,2.2056148052215576,0.39641785621643066,1.7029568764653722,7.36797441700568,1.0,"{'range': 3.9294635146248797, 'type': 'geometric::RRTConnect'}"
318,5670.524126768111,0.2087421417236328,RRTConnectkConfigDefault,1,2.7142159938812256,0.2087421417236328,1.7030815885884765,6.869683663702984,1.0,"{'range': 3.922463058621695, 'type': 'geometric::RRTConnect'}"
319,5709.476651906966,0.28444695472717285,RRTConnectkConfigDefault,1,3.4265029430389404,0.28444695472717285,1.7031030186735827,7.901797717354724,1.0,"{'range': 3.911918726134172, 'type': 'geometric::RRTConnect'}"
320,5747.389354944228,1.091754913330078,RRTConnectkConfigDefault,1,2.4454059600830083,1.091754913330078,1.7029192867865013,7.8552391969192525,1.0,"{'range': 3.9021378233912203, 'type': 'geometric::RRTConnect'}"
321,5782.411156892777,0.4715452194213867,RRTConnectkConfigDefault,1,2.9664080142974854,0.4715452194213867,1.7029341979167814,8.273888675312062,1.0,"{'range': 7.708208934695753, 'type': 'geometric::RRTConnect'}"
322,5822.08068394661,0.4197559356689453,RRTConnectkConfigDefault,1,3.2227439880371094,0.4197559356689453,1.7031255392132432,8.592568684040423,1.0,"{'range': 11.745187247110902, 'type': 'geometric::RRTConnect'}"
323,5863.046826839447,0.17415118217468262,RRTConnectkConfigDefault,1,3.4844861030578613,0.17415118217468262,1.7031856309810591,8.456864101342267,1.0,"{'range': 11.781162757411535, 'type': 'geometric::RRTConnect'}"
324,5901.95791387558,0.34548211097717285,RRTConnectkConfigDefault,1,3.749089002609253,0.34548211097717285,1.7033268292343284,8.677225035542548,1.0,"{'range': 11.872694607308944, 'type': 'geometric::RRTConnect'}"
325,5942.710623979569,0.251615047454834,RRTConnectkConfigDefault,1,2.2919280529022217,0.251615047454834,1.7028982897453495,7.885921701195931,1.0,"{'range': 11.943301507627055, 'type': 'geometric::RRTConnect'}"
326,5974.335796833038,0.4599530696868897,RRTConnectkConfigDefault,1,2.009075880050659,0.4599530696868897,1.7031029791774204,6.7129551501001234,1.0,"{'range': 12.002501029340511, 'type': 'geometric::RRTConnect'}"
327,6014.379695892334,0.5323758125305176,RRTConnectkConfigDefault,1,3.731052875518799,0.5323758125305176,1.70310009758973,8.89951357298412,1.0,"{'range': 11.564159157241516, 'type': 'geometric::RRTConnect'}"
328,6044.826329946519,0.2633671760559082,RRTConnectkConfigDefault,1,2.661837100982666,0.2633671760559082,1.7032863662821551,8.096868379737213,1.0,"{'range': 12.20220384289873, 'type': 'geometric::RRTConnect'}"
329,6084.415422916412,0.5263111591339111,RRTConnectkConfigDefault,1,3.0229859352111816,0.5263111591339111,1.7029046351457415,8.559125922921426,1.0,"{'range': 12.201600081429497, 'type': 'geometric::RRTConnect'}"
330,6122.370317935944,3.0,RRTConnectkConfigDefault,1,0.0,0.0,0.0,0.0,0.0,"{'range': 7.714262407129745, 'type': 'geometric::RRTConnect'}"
331,6157.191485881805,3.0,RRTConnectkConfigDefault,1,0.0,0.0,0.0,0.0,0.0,"{'range': 11.271452009417777, 'type': 'geometric::RRTConnect'}"
332,6192.89642882347,0.43497395515441895,RRTConnectkConfigDefault,1,2.4620471000671387,0.43497395515441895,1.7031317109860389,7.993504362732833,1.0,"{'range': 4.012487680699548, 'type': 'geometric::RRTConnect'}"
333,6230.110938787459,0.7565240859985352,RRTConnectkConfigDefault,1,2.0430939197540283,0.7565240859985352,1.7032522857013763,7.820475591471036,1.0,"{'range': 3.9877813586872093, 'type': 'geometric::RRTConnect'}"
334,6262.540541887282,0.159682035446167,RRTConnectkConfigDefault,1,2.143839836120605,0.159682035446167,1.7032838133380137,7.366087007453362,1.0,"{'range': 13.414778392603552, 'type': 'geometric::RRTConnect'}"
335,6293.174080848694,0.3978879451751709,RRTConnectkConfigDefault,1,2.12305212020874,0.3978879451751709,1.7031295795741574,8.122087590127983,1.0,"{'range': 13.396511852819557, 'type': 'geometric::RRTConnect'}"
336,6333.199131965637,0.4357998371124268,RRTConnectkConfigDefault,1,2.493166923522949,0.4357998371124268,1.703012017279711,8.548629076162031,1.0,"{'range': 13.391470858491372, 'type': 'geometric::RRTConnect'}"
337,6365.498324871063,0.9497411251068116,RRTConnectkConfigDefault,1,2.0824079513549805,0.9497411251068116,1.7030807386738496,8.528522029036818,1.0,"{'range': 13.386795043453743, 'type': 'geometric::RRTConnect'}"
338,6400.430920839311,0.2028510570526123,RRTConnectkConfigDefault,1,3.1826679706573486,0.2028510570526123,1.7031856385663395,7.922296388609482,1.0,"{'range': 4.729270213446897, 'type': 'geometric::RRTConnect'}"
339,6435.337448835374,0.2533519268035889,RRTConnectkConfigDefault,1,2.24777889251709,0.2533519268035889,1.70289514505429,7.291575092081588,1.0,"{'range': 4.723144316646867, 'type': 'geometric::RRTConnect'}"
340,6470.053482770921,0.4706511497497559,RRTConnectkConfigDefault,1,2.608856201171875,0.4706511497497559,1.702964533475673,7.771242772782844,1.0,"{'range': 4.716592042679717, 'type': 'geometric::RRTConnect'}"
341,6506.58482480049,0.37449097633361816,RRTConnectkConfigDefault,1,2.492629051208496,0.37449097633361816,1.7032707330232233,8.42437941462131,1.0,"{'range': 3.7832709009066234, 'type': 'geometric::RRTConnect'}"
342,6541.91103887558,0.3876538276672363,RRTConnectkConfigDefault,1,2.293763875961304,0.3876538276672363,1.7028074735508103,7.76411754220223,1.0,"{'range': 3.772105723433405, 'type': 'geometric::RRTConnect'}"
343,6578.959277868272,0.2863919734954834,RRTConnectkConfigDefault,1,2.2721848487854004,0.2863919734954834,1.702907752863536,8.325606359679579,1.0,"{'range': 4.741148159096612, 'type': 'geometric::RRTConnect'}"
344,6615.934926986694,3.0,RRTConnectkConfigDefault,1,0.0,0.0,0.0,0.0,0.0,"{'range': 3.7994481434564795, 'type': 'geometric::RRTConnect'}"
345,6652.183637857436,0.3762199878692627,RRTConnectkConfigDefault,1,2.7488009929656982,0.3762199878692627,1.7028909430266044,7.701498872407159,1.0,"{'range': 12.609750420213265, 'type': 'geometric::RRTConnect'}"
346,6694.048198938371,0.2863140106201172,RRTConnectkConfigDefault,1,2.559468984603882,0.2863140106201172,1.7028929792594047,6.959349280681082,1.0,"{'range': 12.597263551978282, 'type': 'geometric::RRTConnect'}"
347,6740.615364789964,0.26433587074279785,RRTConnectkConfigDefault,1,2.4874308109283447,0.26433587074279785,1.7028780512383002,7.5020205454134725,1.0,"{'range': 12.581391682419913, 'type': 'geometric::RRTConnect'}"
348,6785.604839801788,0.4024248123168945,RRTConnectkConfigDefault,1,3.120800018310547,0.4024248123168945,1.7030640710274083,7.036573201001059,1.0,"{'range': 12.566782166387526, 'type': 'geometric::RRTConnect'}"
349,6827.203864812852,0.2853248119354248,RRTConnectkConfigDefault,1,2.6035280227661133,0.2853248119354248,1.703031620634557,7.541849314652017,1.0,"{'range': 12.556539320661672, 'type': 'geometric::RRTConnect'}"
350,6868.455458879472,0.33901500701904297,RRTConnectkConfigDefault,1,2.5836639404296875,0.33901500701904297,1.7029052726447544,7.1717027143214915,1.0,"{'range': 12.542062938671464, 'type': 'geometric::RRTConnect'}"
351,6907.427610874176,3.0,RRTConnectkConfigDefault,1,0.0,0.0,0.0,0.0,0.0,"{'range': 12.529042178530075, 'type': 'geometric::RRTConnect'}"
352,6948.218851804732,0.593250036239624,RRTConnectkConfigDefault,1,3.302535057067871,0.593250036239624,1.7026068714832996,8.177912908016374,1.0,"{'range': 5.4187263422335725, 'type': 'geometric::RRTConnect'}"
353,6994.029107809068,0.4959781169891357,RRTConnectkConfigDefault,1,2.8301901817321777,0.4959781169891357,1.7028381406790392,7.153314199770378,1.0,"{'range': 9.45421900953884, 'type': 'geometric::RRTConnect'}"
354,7037.992134809493,0.5140810012817383,RRTConnectkConfigDefault,1,2.284759044647217,0.5140810012817383,1.7032383882722313,7.024431079244405,1.0,"{'range': 15.0, 'type': 'geometric::RRTConnect'}"
355,7076.373305797577,0.33268094062805176,RRTConnectkConfigDefault,1,2.402651071548462,0.33268094062805176,1.702841248531649,8.024794434698814,1.0,"{'range': 9.491532908948457, 'type': 'geometric::RRTConnect'}"
356,7118.296996831895,0.5316789150238037,RRTConnectkConfigDefault,1,2.5892250537872314,0.5316789150238037,1.7029017650226208,7.342912819008439,1.0,"{'range': 9.554051941796748, 'type': 'geometric::RRTConnect'}"
357,7160.6661348342905,0.4959690570831299,RRTConnectkConfigDefault,1,2.7376229763031006,0.4959690570831299,1.7030738527255496,8.380538339425597,1.0,"{'range': 15.0, 'type': 'geometric::RRTConnect'}"
358,7201.4065968990335,3.0,RRTConnectkConfigDefault,1,0.0,0.0,0.0,0.0,0.0,"{'range': 15.0, 'type': 'geometric::RRTConnect'}"
